Variant Name,Product Name,Supplier,Price,Kategorija Full,Category,Quality
"Stolica ""R 10 D""",R 10 D Stolica,R,9050,Stolice Štof C,Stolice,Štof C
"Stolica ""R 10 A""",R 10 A Stolica,R,9050,Stolice Štof C,Stolice,Štof C
"Klupa ""R 10 K""",R 10 K Klupa,R,16800,Stolice Štof C,Stolice,Štof C
"Stolica ""R 20""",R 20 Stolica,R,9000,Stolice Štof C,Stolice,Štof C
"Stolica ""R 30 A""",R 30 A Stolica,R,10550,Stolice Štof C,Stolice,Štof C
"Stolica ""R 30 B""",R 30 B Stolica,R,10000,Stolice Štof C,Stolice,Štof C
"Stolica ""R 30 C""",R 30 C Stolica,R,10000,Stolice Štof C,Stolice,Štof C
"Stolica "" R 40"" svi modeli",R 40 Stolica,R,9750,Stolice Štof C,Stolice,Štof C
"Stolica ""R 50 A""",R 50 A Stolica,R,9900,Stolice Štof C,Stolice,Štof C
"Stolica ""R 50 B""",R 50 B Stolica,R,9900,Stolice Štof C,Stolice,Štof C
"Stolica ""R 50 C""",R 50 C Stolica,R,9900,Stolice Štof C,Stolice,Štof C
"Stolica ""R 50 D""",R 50 D Stolica,R,9900,Stolice Štof C,Stolice,Štof C
"Stolica ""R 60""",R 60 Stolica,R,9650,Stolice Štof C,Stolice,Štof C
"Klupa "" R 60 """,R 60 Klupa,R,16800,Stolice Štof C,Stolice,Štof C
"Stolica ""R 70""",R 70 Stolica,R,9750,Stolice Štof C,Stolice,Štof C
"Stolica sa rukonaslonom ""R 50 A-R""",R 50 A-R Stolica Sa Rukonaslonom,R,11550,Stolice Štof C,Stolice,Štof C
"Stolica sa rukonaslonom ""R 50 B-R""",R 50 B-R Stolica Sa Rukonaslonom,R,11550,Stolice Štof C,Stolice,Štof C
"Stolica sa rukonaslonom ""R 50 C-R""",R 50 C-R Stolica Sa Rukonaslonom,R,11550,Stolice Štof C,Stolice,Štof C
"Stolica sa rukonaslonom ""R 50 D-R""",R 50 D-R Stolica Sa Rukonaslonom,R,11550,Stolice Štof C,Stolice,Štof C
"Stolica sa rukonaslonom ""KAIRO""",Kairo Stolica Sa Rukonaslonom,R,11650,Stolice Štof C,Stolice,Štof C
"Stolica ""KAIRO""",Kairo Stolica,R,10450,Stolice Štof C,Stolice,Štof C
"Stolica "" GRAND""",Grand Stolica,R,10300,Stolice Štof C,Stolice,Štof C
"Stolica "" VENUS""",Venus Stolica,R,9950,Stolice Štof C,Stolice,Štof C
"Stolica "" PERLA""",Perla Stolica,R,9400,Stolice Štof C,Stolice,Štof C
"Stolica "" LEON""",Leon Stolica,R,10000,Stolice Štof C,Stolice,Štof C
"Klupa "" LEON """,Leon Klupa,R,19300,Stolice Štof C,Stolice,Štof C
"Stolica "" SCALA""",Scala Stolica,R,11150,Stolice Štof C,Stolice,Štof C
"Stolica sa rukonaslonom "" SCALA""",Scala Stolica Sa Rukonaslonom,R,12700,Stolice Štof C,Stolice,Štof C
"Stolica "" MIA""",Mia Stolica,R,9000,Stolice Štof C,Stolice,Štof C
"Stolica "" SIENA""",Siena Stolica,R,10150,Stolice Štof C,Stolice,Štof C
"Stolica "" CAPRI""",Capri Stolica,R,9700,Stolice Štof C,Stolice,Štof C
"Stolica "" FENIX""",Fenix Stolica,R,14200,Stolice Štof C,Stolice,Štof C
"Stolica "" BOLERO""",Bolero Stolica,R,10900,Stolice Štof C,Stolice,Štof C
"Stolica "" HAVANA""",Havana Stolica,R,10750,Stolice Štof C,Stolice,Štof C
"Stolica "" HAVANA - EXTRA""",Havana - Extra Stolica,R,11650,Stolice Štof C,Stolice,Štof C
"Stolica "" HAVANA – LUX""",Havana – Lux Stolica,R,13550,Stolice Štof C,Stolice,Štof C
"Stolica "" TOSKANA""",Toskana Stolica,R,13300,Stolice Štof C,Stolice,Štof C
"Stolica "" SENA """,Sena Stolica,R,13750,Stolice Štof C,Stolice,Štof C
"Stolica "" SENA LUX""",Sena Lux Stolica,R,14800,Stolice Štof C,Stolice,Štof C
"Stolica "" ONIX """,Onix Stolica,R,15200,Stolice Štof C,Stolice,Štof C
"Stolica "" ONIX PLUS """,Onix Plus Stolica,R,15600,Stolice Štof C,Stolice,Štof C
"Stolica "" ONIX LUX """,Onix Lux Stolica,R,16200,Stolice Štof C,Stolice,Štof C
"Stolica "" MODENA """,Modena Stolica,R,13750,Stolice Štof C,Stolice,Štof C
"Stolica "" RODOS A """,Rodos A Stolica,R,12200,Stolice Štof C,Stolice,Štof C
"Stolica "" RODOS B """,Rodos B Stolica,R,13000,Stolice Štof C,Stolice,Štof C
"Stolica "" RODOS C """,Rodos C Stolica,R,12150,Stolice Štof C,Stolice,Štof C
"Stolica "" RODOS D """,Rodos D Stolica,R,13750,Stolice Štof C,Stolice,Štof C
"Stolica "" RODOS E """,Rodos E Stolica,R,14750,Stolice Štof C,Stolice,Štof C
"Stolica "" TALA """,Tala Stolica,R,14100,Stolice Štof C,Stolice,Štof C
"Stolica "" TALA PLUS """,Tala Plus Stolica,R,14750,Stolice Štof C,Stolice,Štof C
"Stolica "" TALA LUX """,Tala Lux Stolica,R,15200,Stolice Štof C,Stolice,Štof C
"Stolica "" CITY""",City Stolica,R,12500,Stolice Štof C,Stolice,Štof C
"Stolica "" KENT""",Kent Stolica,R,13200,Stolice Štof C,Stolice,Štof C
"stolica "" SCHELL""",Schell Stolica,R,14800,Stolice Štof C,Stolice,Štof C
"Stolica "" LIMA """,Lima Stolica,R,14200,Stolice Štof C,Stolice,Štof C
"Stolica "" FARGO""",Fargo Stolica,R,12950,Stolice Štof C,Stolice,Štof C
"Stolica "" ASPEN""",Aspen Stolica,R,18600,Stolice Štof C,Stolice,Štof C
"Stolica sa rukonaslonom "" ASPEN""",Aspen Stolica Sa Rukonaslonom,R,20250,Stolice Štof C,Stolice,Štof C
"Fotelja ""R 10 F""",R 10 F Fotelja,R,16250,Stolice Štof C,Stolice,Štof C
"Fotelja ""R 20 F""",R 20 F Fotelja,R,16700,Stolice Štof C,Stolice,Štof C
"Fotelja ""R 30 F""",R 30 F Fotelja,R,16250,Stolice Štof C,Stolice,Štof C
"Fotelja ""R 40 F""",R 40 F Fotelja,R,16250,Stolice Štof C,Stolice,Štof C
"Fotelja ""R 50 F""",R 50 F Fotelja,R,16250,Stolice Štof C,Stolice,Štof C
"Fotelja ""R 60 F""",R 60 F Fotelja,R,16700,Stolice Štof C,Stolice,Štof C
"Fotelja ""R 70 F""",R 70 F Fotelja,R,16250,Stolice Štof C,Stolice,Štof C
"Fotelja "" LEON""",Leon Fotelja,R,16200,Stolice Štof C,Stolice,Štof C
"Fotelja "" RODOS""",Rodos Fotelja,R,36750,Stolice Štof C,Stolice,Štof C
"Dvosed ""R 60 D""",R 60 D Dvosed,R,27050,Stolice Štof C,Stolice,Štof C
"Dvosed ""R 70 D""",R 70 D Dvosed,R,27050,Stolice Štof C,Stolice,Štof C
"Dvosed ""RODOS""",Rodos Dvosed,R,45150,Stolice Štof C,Stolice,Štof C
"Barska stolica "" R 30 B""",R 30 B Barska Stolica,R,11600,Stolice Štof C,Stolice,Štof C
"Barska stolica "" R 30 C""",R 30 C Barska Stolica,R,11600,Stolice Štof C,Stolice,Štof C
"Barska stolica "" R 50 B""",R 50 B Barska Stolica,R,11300,Stolice Štof C,Stolice,Štof C
"Barska stolica "" R 50 C""",R 50 C Barska Stolica,R,11300,Stolice Štof C,Stolice,Štof C
"Barska stolica "" R 60""",R 60 Barska Stolica,R,7900,Stolice Štof C,Stolice,Štof C
"Barska stolica "" R 60 – N""",R 60 – N Barska Stolica,R,11150,Stolice Štof C,Stolice,Štof C
"Barska stolica "" HAVANA """,Havana Barska Stolica,R,13950,Stolice Štof C,Stolice,Štof C
"Barska stolica "" HAVANA EXTRA """,Havana Extra Barska Stolica,R,14950,Stolice Štof C,Stolice,Štof C
"Barska stolica "" HAVANA LUX """,Havana Lux Barska Stolica,R,16800,Stolice Štof C,Stolice,Štof C
"Barska stolica "" FENIX """,Fenix Barska Stolica,R,17350,Stolice Štof C,Stolice,Štof C
"Barska stolica "" SENA """,Sena Barska Stolica,R,17050,Stolice Štof C,Stolice,Štof C
"Barska stolica "" SENA LUX""",Sena Lux Barska Stolica,R,18050,Stolice Štof C,Stolice,Štof C
"Barska stolica "" ONIX """,Onix Barska Stolica,R,18400,Stolice Štof C,Stolice,Štof C
"Barska stolica "" ONIX PLUS """,Onix Plus Barska Stolica,R,18950,Stolice Štof C,Stolice,Štof C
"Barska stolica "" ONIX LUX """,Onix Lux Barska Stolica,R,19450,Stolice Štof C,Stolice,Štof C
"Barska stolica "" MODENA """,Modena Barska Stolica,R,17050,Stolice Štof C,Stolice,Štof C
"Barska stolica "" ASPEN""",Aspen Barska Stolica,R,23450,Stolice Štof C,Stolice,Štof C
"Stolica hoklica "" R 60""",R 60 Stolica Hoklica,R,6800,Stolice Štof C,Stolice,Štof C
"Stolica ""R 10 D""",R 10 D Stolica,R,10050,Stolice Stof B,Stolice,Štof B
"Stolica ""R 10 A""",R 10 A Stolica,R,10050,Stolice Stof B,Stolice,Štof B
"Klupa ""R 10 K""",R 10 K Klupa,R,17750,Stolice Stof B,Stolice,Štof B
"Stolica ""R 20""",R 20 Stolica,R,9800,Stolice Stof B,Stolice,Štof B
"Stolica ""R 30 A""",R 30 A Stolica,R,11100,Stolice Stof B,Stolice,Štof B
"Stolica ""R 30 B""",R 30 B Stolica,R,10550,Stolice Stof B,Stolice,Štof B
"Stolica ""R 30 C""",R 30 C Stolica,R,10950,Stolice Stof B,Stolice,Štof B
"Stolica "" R 40"" svi modeli",R 40 Stolica,R,10300,Stolice Stof B,Stolice,Štof B
"Stolica ""R 50 A""",R 50 A Stolica,R,10600,Stolice Stof B,Stolice,Štof B
"Stolica ""R 50 B""",R 50 B Stolica,R,10450,Stolice Stof B,Stolice,Štof B
"Stolica ""R 50 C""",R 50 C Stolica,R,10950,Stolice Stof B,Stolice,Štof B
"Stolica ""R 50 D""",R 50 D Stolica,R,10450,Stolice Stof B,Stolice,Štof B
"Stolica ""R 60""",R 60 Stolica,R,10700,Stolice Stof B,Stolice,Štof B
"Klupa "" R 60 """,R 60 Klupa,R,17750,Stolice Stof B,Stolice,Štof B
"Stolica ""R 70""",R 70 Stolica,R,10400,Stolice Stof B,Stolice,Štof B
"Stolica sa rukonaslonom ""R 50 A-R""",R 50 A-R Stolica Sa Rukonaslonom,R,12050,Stolice Stof B,Stolice,Štof B
"Stolica sa rukonaslonom ""R 50 B-R""",R 50 B-R Stolica Sa Rukonaslonom,R,12050,Stolice Stof B,Stolice,Štof B
"Stolica sa rukonaslonom ""R 50 C-R""",R 50 C-R Stolica Sa Rukonaslonom,R,12750,Stolice Stof B,Stolice,Štof B
"Stolica sa rukonaslonom ""R 50 D-R""",R 50 D-R Stolica Sa Rukonaslonom,R,12050,Stolice Stof B,Stolice,Štof B
"Stolica sa rukonaslonom ""KAIRO""",Kairo Stolica Sa Rukonaslonom,R,12850,Stolice Stof B,Stolice,Štof B
"Stolica ""KAIRO""",Kairo Stolica,R,11400,Stolice Stof B,Stolice,Štof B
"Stolica "" GRAND""",Grand Stolica,R,11400,Stolice Stof B,Stolice,Štof B
"Stolica "" VENUS""",Venus Stolica,R,11150,Stolice Stof B,Stolice,Štof B
"Stolica "" PERLA""",Perla Stolica,R,10650,Stolice Stof B,Stolice,Štof B
"Stolica "" LEON""",Leon Stolica,R,11150,Stolice Stof B,Stolice,Štof B
"Klupa "" LEON """,Leon Klupa,R,20500,Stolice Stof B,Stolice,Štof B
"Stolica "" SCALA""",Scala Stolica,R,11950,Stolice Stof B,Stolice,Štof B
"Stolica sa rukonaslonom "" SCALA""",Scala Stolica Sa Rukonaslonom,R,13600,Stolice Stof B,Stolice,Štof B
"Stolica "" MIA""",Mia Stolica,R,10300,Stolice Stof B,Stolice,Štof B
"Stolica "" SIENA""",Siena Stolica,R,10850,Stolice Stof B,Stolice,Štof B
"Stolica "" CAPRI""",Capri Stolica,R,10850,Stolice Stof B,Stolice,Štof B
"Stolica "" FENIX""",Fenix Stolica,R,15750,Stolice Stof B,Stolice,Štof B
"Stolica "" BOLERO""",Bolero Stolica,R,12050,Stolice Stof B,Stolice,Štof B
"Stolica "" HAVANA""",Havana Stolica,R,11850,Stolice Stof B,Stolice,Štof B
"Stolica "" HAVANA – EXTRA""",Havana – Extra Stolica,R,13400,Stolice Stof B,Stolice,Štof B
"Stolica "" HAVANA – LUX""",Havana – Lux Stolica,R,15150,Stolice Stof B,Stolice,Štof B
"Stolica "" TOSKANA""",Toskana Stolica,R,14750,Stolice Stof B,Stolice,Štof B
"Stolica "" SENA """,Sena Stolica,R,15200,Stolice Stof B,Stolice,Štof B
"Stolica "" SENA LUX""",Sena Lux Stolica,R,16350,Stolice Stof B,Stolice,Štof B
"Stolica "" ONIX """,Onix Stolica,R,16850,Stolice Stof B,Stolice,Štof B
"Stolica "" ONIX PLUS """,Onix Plus Stolica,R,17400,Stolice Stof B,Stolice,Štof B
"Stolica "" ONIX LUX """,Onix Lux Stolica,R,18000,Stolice Stof B,Stolice,Štof B
"Stolica "" MODENA """,Modena Stolica,R,15200,Stolice Stof B,Stolice,Štof B
"Stolica "" RODOS A """,Rodos A Stolica,R,13600,Stolice Stof B,Stolice,Štof B
"Stolica "" RODOS B """,Rodos B Stolica,R,14600,Stolice Stof B,Stolice,Štof B
"Stolica "" RODOS C """,Rodos C Stolica,R,13600,Stolice Stof B,Stolice,Štof B
"Stolica "" RODOS D """,Rodos D Stolica,R,15200,Stolice Stof B,Stolice,Štof B
"Stolica "" RODOS E """,Rodos E Stolica,R,16200,Stolice Stof B,Stolice,Štof B
"Stolica "" TALA """,Tala Stolica,R,15750,Stolice Stof B,Stolice,Štof B
"Stolica "" TALA PLUS """,Tala Plus Stolica,R,16350,Stolice Stof B,Stolice,Štof B
"Stolica "" TALA LUX """,Tala Lux Stolica,R,17050,Stolice Stof B,Stolice,Štof B
"Stolica "" CITY""",City Stolica,R,13400,Stolice Stof B,Stolice,Štof B
"Stolica "" KENT""",Kent Stolica,R,14100,Stolice Stof B,Stolice,Štof B
"stolica "" SCHELL""",Schell Stolica,R,16400,Stolice Stof B,Stolice,Štof B
"Stolica "" LIMA """,Lima Stolica,R,15750,Stolice Stof B,Stolice,Štof B
"Stolica "" FARGO""",Fargo Stolica,R,13900,Stolice Stof B,Stolice,Štof B
"Stolica "" ASPEN""",Aspen Stolica,R,20100,Stolice Stof B,Stolice,Štof B
"Stolica sa rukonaslonom "" ASPEN""",Aspen Stolica Sa Rukonaslonom,R,21750,Stolice Stof B,Stolice,Štof B
"Fotelja ""R 10 F""",R 10 F Fotelja,R,17850,Stolice Stof B,Stolice,Štof B
"Fotelja ""R 20 F""",R 20 F Fotelja,R,19300,Stolice Stof B,Stolice,Štof B
"Fotelja ""R 30 F""",R 30 F Fotelja,R,17850,Stolice Stof B,Stolice,Štof B
"Fotelja ""R 40 F""",R 40 F Fotelja,R,17850,Stolice Stof B,Stolice,Štof B
"Fotelja ""R 50 F""",R 50 F Fotelja,R,17850,Stolice Stof B,Stolice,Štof B
"Fotelja ""R 60 F""",R 60 F Fotelja,R,19300,Stolice Stof B,Stolice,Štof B
"Fotelja ""R 70 F""",R 70 F Fotelja,R,18450,Stolice Stof B,Stolice,Štof B
"Fotelja "" LEON""",Leon Fotelja,R,18450,Stolice Stof B,Stolice,Štof B
"Fotelja "" RODOS""",Rodos Fotelja,R,40450,Stolice Stof B,Stolice,Štof B
"Dvosed ""R 60 D""",R 60 D Dvosed,R,31000,Stolice Stof B,Stolice,Štof B
"Dvosed ""R 70 D""",R 70 D Dvosed,R,29750,Stolice Stof B,Stolice,Štof B
"Dvosed ""RODOS""",Rodos Dvosed,R,49850,Stolice Stof B,Stolice,Štof B
"Barska stolica "" R 30 B""",R 30 B Barska Stolica,R,12450,Stolice Stof B,Stolice,Štof B
"Barska stolica "" R 30 C""",R 30 C Barska Stolica,R,12450,Stolice Stof B,Stolice,Štof B
"Barska stolica "" R 50 B""",R 50 B Barska Stolica,R,12050,Stolice Stof B,Stolice,Štof B
"Barska stolica "" R 50 C""",R 50 C Barska Stolica,R,12050,Stolice Stof B,Stolice,Štof B
"Barska stolica "" R 60""",R 60 Barska Stolica,R,8350,Stolice Stof B,Stolice,Štof B
"Barska stolica "" R 60 – N""",R 60 – N Barska Stolica,R,11700,Stolice Stof B,Stolice,Štof B
"Barska stolica "" HAVANA """,Havana Barska Stolica,R,15150,Stolice Stof B,Stolice,Štof B
"Barska stolica "" HAVANA EXTRA """,Havana Extra Barska Stolica,R,16700,Stolice Stof B,Stolice,Štof B
"Barska stolica "" HAVANA LUX """,Havana Lux Barska Stolica,R,18250,Stolice Stof B,Stolice,Štof B
"Barska stolica "" FENIX """,Fenix Barska Stolica,R,18950,Stolice Stof B,Stolice,Štof B
"Barska stolica "" SENA """,Sena Barska Stolica,R,18400,Stolice Stof B,Stolice,Štof B
"Barska stolica "" SENA LUX""",Sena Lux Barska Stolica,R,19650,Stolice Stof B,Stolice,Štof B
"Barska stolica "" ONIX """,Onix Barska Stolica,R,20000,Stolice Stof B,Stolice,Štof B
"Barska stolica "" ONIX PLUS """,Onix Plus Barska Stolica,R,20650,Stolice Stof B,Stolice,Štof B
"Barska stolica "" ONIX LUX """,Onix Lux Barska Stolica,R,21250,Stolice Stof B,Stolice,Štof B
"Barska stolica "" MODENA """,Modena Barska Stolica,R,18350,Stolice Stof B,Stolice,Štof B
"Barska stolica "" ASPEN""",Aspen Barska Stolica,R,24950,Stolice Stof B,Stolice,Štof B
"Stolica hoklica "" R 60""",R 60 Stolica Hoklica,R,7200,Stolice Stof B,Stolice,Štof B
"Stolica ""R 10 D""",R 10 D Stolica,R,11550,Stolice Stof A,Stolice,Štof A
"Stolica ""R 10 A""",R 10 A Stolica,R,11550,Stolice Stof A,Stolice,Štof A
"Klupa ""R 10 K""",R 10 K Klupa,R,19100,Stolice Stof A,Stolice,Štof A
"Stolica ""R 20""",R 20 Stolica,R,12550,Stolice Stof A,Stolice,Štof A
"Stolica ""R 30 A""",R 30 A Stolica,R,12550,Stolice Stof A,Stolice,Štof A
"Stolica ""R 30 B""",R 30 B Stolica,R,11950,Stolice Stof A,Stolice,Štof A
"Stolica ""R 30 C""",R 30 C Stolica,R,12700,Stolice Stof A,Stolice,Štof A
"Stolica "" R 40"" svi modeli",R 40 Stolica,R,11450,Stolice Stof A,Stolice,Štof A
"Stolica ""R 50 A""",R 50 A Stolica,R,12000,Stolice Stof A,Stolice,Štof A
"Stolica ""R 50 B""",R 50 B Stolica,R,11650,Stolice Stof A,Stolice,Štof A
"Stolica ""R 50 C""",R 50 C Stolica,R,12550,Stolice Stof A,Stolice,Štof A
"Stolica ""R 50 D""",R 50 D Stolica,R,11650,Stolice Stof A,Stolice,Štof A
"Stolica ""R 60""",R 60 Stolica,R,13100,Stolice Stof A,Stolice,Štof A
"Klupa "" R 60 """,R 60 Klupa,R,19100,Stolice Stof A,Stolice,Štof A
"Stolica ""R 70""",R 70 Stolica,R,11450,Stolice Stof A,Stolice,Štof A
"Stolica sa rukonaslonom ""R 50 A-R""",R 50 A-R Stolica Sa Rukonaslonom,R,13750,Stolice Stof A,Stolice,Štof A
"Stolica sa rukonaslonom ""R 50 B-R""",R 50 B-R Stolica Sa Rukonaslonom,R,13250,Stolice Stof A,Stolice,Štof A
"Stolica sa rukonaslonom ""R 50 C-R""",R 50 C-R Stolica Sa Rukonaslonom,R,14050,Stolice Stof A,Stolice,Štof A
"Stolica sa rukonaslonom ""R 50 D-R""",R 50 D-R Stolica Sa Rukonaslonom,R,13400,Stolice Stof A,Stolice,Štof A
"Stolica sa rukonaslonom ""KAIRO""",Kairo Stolica Sa Rukonaslonom,R,14600,Stolice Stof A,Stolice,Štof A
"Stolica ""KAIRO""",Kairo Stolica,R,13400,Stolice Stof A,Stolice,Štof A
"Stolica "" GRAND""",Grand Stolica,R,13400,Stolice Stof A,Stolice,Štof A
"Stolica "" VENUS""",Venus Stolica,R,13400,Stolice Stof A,Stolice,Štof A
"Stolica "" PERLA""",Perla Stolica,R,13050,Stolice Stof A,Stolice,Štof A
"Stolica "" LEON""",Leon Stolica,R,13400,Stolice Stof A,Stolice,Štof A
"Klupa "" LEON """,Leon Klupa,R,21950,Stolice Stof A,Stolice,Štof A
"Stolica "" SCALA""",Scala Stolica,R,12950,Stolice Stof A,Stolice,Štof A
"Stolica sa rukonaslonom "" SCALA""",Scala Stolica Sa Rukonaslonom,R,14250,Stolice Stof A,Stolice,Štof A
"Stolica "" MIA""",Mia Stolica,R,12550,Stolice Stof A,Stolice,Štof A
"Stolica "" SIENA""",Siena Stolica,R,12400,Stolice Stof A,Stolice,Štof A
"Stolica "" CAPRI""",Capri Stolica,R,13050,Stolice Stof A,Stolice,Štof A
"Stolica "" FENIX""",Fenix Stolica,R,18250,Stolice Stof A,Stolice,Štof A
"Stolica "" BOLERO""",Bolero Stolica,R,13450,Stolice Stof A,Stolice,Štof A
"Stolica "" HAVANA""",Havana Stolica,R,13600,Stolice Stof A,Stolice,Štof A
"Stolica "" HAVANA – LUX""",Havana – Lux Stolica,R,17450,Stolice Stof A,Stolice,Štof A
"Stolica "" TOSKANA""",Toskana Stolica,R,16950,Stolice Stof A,Stolice,Štof A
"Stolica "" SENA """,Sena Stolica,R,17650,Stolice Stof A,Stolice,Štof A
"Stolica "" SENA LUX""",Sena Lux Stolica,R,19000,Stolice Stof A,Stolice,Štof A
"Stolica "" ONIX """,Onix Stolica,R,19400,Stolice Stof A,Stolice,Štof A
"Stolica "" ONIX PLUS """,Onix Plus Stolica,R,20100,Stolice Stof A,Stolice,Štof A
"Stolica "" ONIX LUX """,Onix Lux Stolica,R,20600,Stolice Stof A,Stolice,Štof A
"Stolica "" MODENA """,Modena Stolica,R,17650,Stolice Stof A,Stolice,Štof A
"Stolica "" RODOS A """,Rodos A Stolica,R,16200,Stolice Stof A,Stolice,Štof A
"Stolica "" RODOS B """,Rodos B Stolica,R,17200,Stolice Stof A,Stolice,Štof A
"Stolica "" RODOS C """,Rodos C Stolica,R,16200,Stolice Stof A,Stolice,Štof A
"Stolica "" RODOS D """,Rodos D Stolica,R,17650,Stolice Stof A,Stolice,Štof A
"Stolica "" RODOS E """,Rodos E Stolica,R,18350,Stolice Stof A,Stolice,Štof A
"Stolica "" TALA """,Tala Stolica,R,18150,Stolice Stof A,Stolice,Štof A
"Stolica "" TALA PLUS """,Tala Plus Stolica,R,18800,Stolice Stof A,Stolice,Štof A
"Stolica "" TALA LUX """,Tala Lux Stolica,R,19650,Stolice Stof A,Stolice,Štof A
"Stolica "" CITY""",City Stolica,R,15000,Stolice Stof A,Stolice,Štof A
"Stolica "" KENT""",Kent Stolica,R,15700,Stolice Stof A,Stolice,Štof A
"stolica "" SCHELL""",Schell Stolica,R,19500,Stolice Stof A,Stolice,Štof A
"Stolica "" LIMA """,Lima Stolica,R,19350,Stolice Stof A,Stolice,Štof A
"Stolica "" FARGO""",Fargo Stolica,R,15450,Stolice Stof A,Stolice,Štof A
"Stolica "" ASPEN""",Aspen Stolica,R,22550,Stolice Stof A,Stolice,Štof A
"Stolica sa rukonaslonom "" ASPEN""",Aspen Stolica Sa Rukonaslonom,R,24200,Stolice Stof A,Stolice,Štof A
"Fotelja ""R 10 F""",R 10 F Fotelja,R,20650,Stolice Stof A,Stolice,Štof A
"Fotelja ""R 20 F""",R 20 F Fotelja,R,23000,Stolice Stof A,Stolice,Štof A
"Fotelja ""R 30 F""",R 30 F Fotelja,R,20650,Stolice Stof A,Stolice,Štof A
"Fotelja ""R 40 F""",R 40 F Fotelja,R,20650,Stolice Stof A,Stolice,Štof A
"Fotelja ""R 50 F""",R 50 F Fotelja,R,20650,Stolice Stof A,Stolice,Štof A
"Fotelja ""R 60 F""",R 60 F Fotelja,R,23050,Stolice Stof A,Stolice,Štof A
"Fotelja ""R 70 F""",R 70 F Fotelja,R,21750,Stolice Stof A,Stolice,Štof A
"Fotelja "" LEON""",Leon Fotelja,R,21750,Stolice Stof A,Stolice,Štof A
"Fotelja "" RODOS""",Rodos Fotelja,R,47200,Stolice Stof A,Stolice,Štof A
"Dvosed ""R 60 D""",R 60 D Dvosed,R,37900,Stolice Stof A,Stolice,Štof A
"Dvosed ""R 70 D""",R 70 D Dvosed,R,35900,Stolice Stof A,Stolice,Štof A
"Dvosed ""RODOS""",Rodos Dvosed,R,58200,Stolice Stof A,Stolice,Štof A
"Barska stolica "" R 30 B""",R 30 B Barska Stolica,R,13800,Stolice Stof A,Stolice,Štof A
"Barska stolica "" R 30 C""",R 30 C Barska Stolica,R,13800,Stolice Stof A,Stolice,Štof A
"Barska stolica "" R 50 B""",R 50 B Barska Stolica,R,13600,Stolice Stof A,Stolice,Štof A
"Barska stolica "" R 50 C""",R 50 C Barska Stolica,R,13600,Stolice Stof A,Stolice,Štof A
"Barska stolica "" R 60""",R 60 Barska Stolica,R,9250,Stolice Stof A,Stolice,Štof A
"Barska stolica "" R 60 – N""",R 60 – N Barska Stolica,R,13200,Stolice Stof A,Stolice,Štof A
"Barska stolica "" SENA """,Sena Barska Stolica,R,20250,Stolice Stof A,Stolice,Štof A
"Barska stolica "" HAVANA """,Havana Barska Stolica,R,16950,Stolice Stof A,Stolice,Štof A
"Barska stolica "" HAVANA LUX """,Havana Lux Barska Stolica,R,20600,Stolice Stof A,Stolice,Štof A
"Barska stolica "" FENIX """,Fenix Barska Stolica,R,21350,Stolice Stof A,Stolice,Štof A
"Barska stolica "" SENA LUX""",Sena Lux Barska Stolica,R,22200,Stolice Stof A,Stolice,Štof A
"Barska stolica "" ONIX """,Onix Barska Stolica,R,22650,Stolice Stof A,Stolice,Štof A
"Barska stolica "" ONIX PLUS """,Onix Plus Barska Stolica,R,23250,Stolice Stof A,Stolice,Štof A
"Barska stolica "" ONIX LUX """,Onix Lux Barska Stolica,R,23900,Stolice Stof A,Stolice,Štof A
"Barska stolica "" MODENA """,Modena Barska Stolica,R,20250,Stolice Stof A,Stolice,Štof A
"Barska stolica "" ASPEN""",Aspen Barska Stolica,R,27400,Stolice Stof A,Stolice,Štof A
"Stolica hoklica "" R 60""",R 60 Stolica Hoklica,R,8050,Stolice Stof A,Stolice,Štof A
"Sto ""DANON 220""",Danon 220 Sto,R,73350,Sto,Sto,
"Sto ""DANON 160""",Danon 160 Sto,R,62150,Sto,Sto,
"Sto ""ATINA 90""",Atina 90 Sto,R,44900,Sto,Sto,
"Sto ""ATINA 120""",Atina 120 Sto,R,48350,Sto,Sto,
"Sto ""ATINA"" na razvlačenje 120/160 x 90",Atina Sto,R,53950,Sto,Sto,
"Sto ""ATINA"" na razvlačenje 140/180 x 90",Atina Sto,R,59850,Sto,Sto,
"Sto ""ATINA"" na razvlačenje 160/200 x 90",Atina Sto,R,65700,Sto,Sto,
"Sto ""ATINA"" na razvlačenje 180/220 x 90",Atina Sto,R,70100,Sto,Sto,
"Sto ""ALEKS 120""",Aleks 120 Sto,R,40950,Sto,Sto,
"Sto ""ALEKS 170""",Aleks 170 Sto,R,48400,Sto,Sto,
"Sto ""KAIRO 140""",Kairo 140 Sto,R,49750,Sto,Sto,
"Sto ""KAIRO "" na razvlačenje 140/180 x 90",Kairo Sto,R,56750,Sto,Sto,
"Sto "" MILANO 90 """,Milano 90 Sto,R,28350,Sto,Sto,
"Sto "" MILANO 130 """,Milano 130 Sto,R,33850,Sto,Sto,
"Sto "" MILANO "" na razvlačenje 130/170 x 90",Milano Sto,R,42400,Sto,Sto,
"Sto ""GRAND 140 x 90""",Grand 140 X 90 Sto,R,48650,Sto,Sto,
"Sto ""GRAND 180 x 90""",Grand 180 X 90 Sto,R,53050,Sto,Sto,
"Sto ""GRAND "" na razvlačenje 140/180 x 90",Grand Sto,R,55950,Sto,Sto,
"Sto "" PERLA 90 x 90 """,Perla 90 X 90 Sto,R,37450,Sto,Sto,
"Sto "" PERLA 120 x 90 """,Perla 120 X 90 Sto,R,42950,Sto,Sto,
"Sto "" PERLA 170 x 90 """,Perla 170 X 90 Sto,R,50350,Sto,Sto,
"Sto "" PERLA 130/170 x 90 """,Perla 130/170 X 90 Sto,R,54000,Sto,Sto,
"Sto ""VENUS 160 x 90""",Venus 160 X 90 Sto,R,54350,Sto,Sto,
"Sto ""ORION 140 x 90""",Orion 140 X 90 Sto,R,49650,Sto,Sto,
"Sto ""ORION 180 x 90""",Orion 180 X 90 Sto,R,54250,Sto,Sto,
"Sto ""ORION "" na razvlačenje 140/180 x 90",Orion Sto,R,56800,Sto,Sto,
"Sto ""LEON 140 x 90""",Leon 140 X 90 Sto,R,54900,Sto,Sto,
"Sto ""LEON 160 x 90""",Leon 160 X 90 Sto,R,57750,Sto,Sto,
"Sto ""LEON 180 x 90""",Leon 180 X 90 Sto,R,59550,Sto,Sto,
"Sto ""SCALA 140 x 90""",Scala 140 X 90 Sto,R,51750,Sto,Sto,
"Sto ""SCALA 180 x 90""",Scala 180 X 90 Sto,R,57100,Sto,Sto,
"Sto ""SCALA "" na razvlačenje 140/180 x 90",Scala Sto,R,58850,Sto,Sto,
"Sto ""SCALA ϕ 100""",Scala Φ 100 Sto,R,49500,Sto,Sto,
"Sto ""SCALA ϕ 120""",Scala Φ 120 Sto,R,55450,Sto,Sto,
"Sto ""SCALA ϕ 120/160""",Scala Φ 120/160 Sto,R,65700,Sto,Sto,
"Sto ""PARIZ 80 x 80""",Pariz 80 X 80 Sto,R,26050,Sto,Sto,
"Sto ""PARIZ 140 x 90""",Pariz 140 X 90 Sto,R,46550,Sto,Sto,
"Sto ""ELEGANCE 120/210 x 90""",Elegance 120/210 X 90 Sto,R,56100,Sto,Sto,
"Sto ""ELEGANCE 140/230 x 90""",Elegance 140/230 X 90 Sto,R,60050,Sto,Sto,
"Sto ""SIENA 90/180 x 90""",Siena 90/180 X 90 Sto,R,48500,Sto,Sto,
"Sto ""SIENA 120/210 x 90""",Siena 120/210 X 90 Sto,R,52400,Sto,Sto,
"Sto ""MIA 100""",Mia 100 Sto,R,49500,Sto,Sto,
"Sto ""MIA 120""",Mia 120 Sto,R,55450,Sto,Sto,
"Sto ""MIA 120/160""",Mia 120/160 Sto,R,66350,Sto,Sto,
"Sto ""CAPRI 140 x 90""",Capri 140 X 90 Sto,R,43950,Sto,Sto,
"Sto ""CAPRI "" na razvlačenje 140/200 x 90",Capri Sto,R,61150,Sto,Sto,
"Sto ""FENIX 140 x 90""",Fenix 140 X 90 Sto,R,43850,Sto,Sto,
"Sto ""FENIX 160 x 90""",Fenix 160 X 90 Sto,R,45900,Sto,Sto,
"Sto ""FENIX 180 x 90""",Fenix 180 X 90 Sto,R,48100,Sto,Sto,
"Sto ""FENIX 140/190 x 90""",Fenix 140/190 X 90 Sto,R,61500,Sto,Sto,
"Sto ""FENIX 180/230 x 90""",Fenix 180/230 X 90 Sto,R,67750,Sto,Sto,
"Sto "" BOLERO ϕ 90""",Bolero Φ 90 Sto,R,28900,Sto,Sto,
"Sto "" BOLERO ϕ 100""",Bolero Φ 100 Sto,R,31400,Sto,Sto,
"Sto "" BOLERO ϕ 100/140""",Bolero Φ 100/140 Sto,R,40850,Sto,Sto,
"Sto "" BOLERO OVALNI 160 x 100""",Bolero Ovalni 160 X 100 Sto,R,47200,Sto,Sto,
"Sto ""HAVANA 120 x 90""",Havana 120 X 90 Sto,R,33850,Sto,Sto,
"Sto ""HAVANA 140 x 90""",Havana 140 X 90 Sto,R,37800,Sto,Sto,
"Sto ""HAVANA 170 x 90""",Havana 170 X 90 Sto,R,42450,Sto,Sto,
"Sto ""HAVANA 120/170 x 90""",Havana 120/170 X 90 Sto,R,49450,Sto,Sto,
"Sto ""HAVANA 140/190 x 90""",Havana 140/190 X 90 Sto,R,54100,Sto,Sto,
"Sto ""HAVANA 170/220 x 90""",Havana 170/220 X 90 Sto,R,58600,Sto,Sto,
"Sto ""TOSKANA 120 x 90""",Toskana 120 X 90 Sto,R,39400,Sto,Sto,
"Sto ""TOSKANA 140 x 90""",Toskana 140 X 90 Sto,R,42450,Sto,Sto,
"Sto ""TOSKANA 170 x 90""",Toskana 170 X 90 Sto,R,47250,Sto,Sto,
"Sto ""TOSKANA 120/170 x 90""",Toskana 120/170 X 90 Sto,R,57500,Sto,Sto,
"Sto ""TOSKANA 140/190 x 90""",Toskana 140/190 X 90 Sto,R,60700,Sto,Sto,
"Sto ""TOSKANA 170/220 x 90""",Toskana 170/220 X 90 Sto,R,65550,Sto,Sto,
"Sto ""SENA ϕ 90""",Sena Φ 90 Sto,R,33450,Sto,Sto,
"Sto ""SENA ϕ 100""",Sena Φ 100 Sto,R,35950,Sto,Sto,
"Sto ""SENA ϕ 100/140""",Sena Φ 100/140 Sto,R,43450,Sto,Sto,
"Sto ""ONIX 90 x 90 """,Onix 90 X 90 Sto,R,33450,Sto,Sto,
"Sto ""ONIX 100 x 100 """,Onix 100 X 100 Sto,R,35950,Sto,Sto,
"Sto ""ONIX 100/140 x 100 """,Onix 100/140 X 100 Sto,R,42250,Sto,Sto,
"Sto ""ONIX 140 x 90 """,Onix 140 X 90 Sto,R,43750,Sto,Sto,
"Sto ""ONIX 140/180 x 90 """,Onix 140/180 X 90 Sto,R,51100,Sto,Sto,
"Sto "" MODENA 170 x 90 """,Modena 170 X 90 Sto,R,44450,Sto,Sto,
"Sto ""RODOS ϕ 90""",Rodos Φ 90 Sto,R,43300,Sto,Sto,
"Sto ""RODOS ϕ 100""",Rodos Φ 100 Sto,R,47100,Sto,Sto,
"Sto ""RODOS ϕ 100/140""",Rodos Φ 100/140 Sto,R,54400,Sto,Sto,
"Sto "" TALA 140 x 90 """,Tala 140 X 90 Sto,R,44550,Sto,Sto,
"Sto "" TALA 140/190 x 90 """,Tala 140/190 X 90 Sto,R,59250,Sto,Sto,
"Sto "" CITY 90""",City 90 Sto,R,34550,Sto,Sto,
"Sto "" CITY 100""",City 100 Sto,R,37550,Sto,Sto,
"Sto "" CITY 100/140""",City 100/140 Sto,R,43150,Sto,Sto,
"Sto "" KENT 90""",Kent 90 Sto,R,48700,Sto,Sto,
"Sto "" KENT 100""",Kent 100 Sto,R,52950,Sto,Sto,
"Sto "" KENT 100/140""",Kent 100/140 Sto,R,60850,Sto,Sto,
"Sto "" SHELL 90""",Shell 90 Sto,R,36700,Sto,Sto,
"Sto "" SHELL 100""",Shell 100 Sto,R,39950,Sto,Sto,
"Sto "" SHELL 100/140""",Shell 100/140 Sto,R,45850,Sto,Sto,
"Sto "" LIMA 90""",Lima 90 Sto,R,36000,Sto,Sto,
"Sto "" LIMA 100""",Lima 100 Sto,R,39100,Sto,Sto,
"Sto "" LIMA 100/140""",Lima 100/140 Sto,R,44950,Sto,Sto,
"Klub stočić ""DANON""",Danon Klub Stočić,R,32900,Klub Stolovi,Klub Stolovi,
"Klub stočić ""KAN""",Kan Klub Stočić,R,32900,Klub Stolovi,Klub Stolovi,
"Klub stočić ""RIO-P""",Rio-P Klub Stočić,R,32900,Klub Stolovi,Klub Stolovi,
"Klub stočić ""RIO-K""",Rio-K Klub Stočić,R,30950,Klub Stolovi,Klub Stolovi,
"Klub stočić ""LONDON""",London Klub Stočić,R,35950,Klub Stolovi,Klub Stolovi,
"Klub stočić ""GRAND""",Grand Klub Stočić,R,32000,Klub Stolovi,Klub Stolovi,
"Klub stočić ""GRAND PLUS""",Grand Plus Klub Stočić,R,20850,Klub Stolovi,Klub Stolovi,
"Klub stočić ""GRAND-LUX""",Grand-Lux Klub Stočić,R,36950,Klub Stolovi,Klub Stolovi,
"Klub stočić ""GRAND-EXTRA""",Grand-Extra Klub Stočić,R,43200,Klub Stolovi,Klub Stolovi,
"Klub stočić ""BOLERO-P""",Bolero-P Klub Stočić,R,35000,Klub Stolovi,Klub Stolovi,
"Klub stočić ""BOLERO-K""",Bolero-K Klub Stočić,R,19600,Klub Stolovi,Klub Stolovi,
"Klub stočić ""LUNA-P""",Luna-P Klub Stočić,R,24850,Klub Stolovi,Klub Stolovi,
"Klub stočić ""LUNA-K""",Luna-K Klub Stočić,R,16550,Klub Stolovi,Klub Stolovi,
"Klub stočić ""KVADRO""",Kvadro Klub Stočić,R,21550,Klub Stolovi,Klub Stolovi,
"Klub stočić ""DELTA""",Delta Klub Stočić,R,20600,Klub Stolovi,Klub Stolovi,
"Klub stočić ""ONIX""",Onix Klub Stočić,R,20600,Klub Stolovi,Klub Stolovi,
"Klub stočić ""ATINA""",Atina Klub Stočić,R,17600,Klub Stolovi,Klub Stolovi,
"Klub stočić ""ALEKS""",Aleks Klub Stočić,R,17600,Klub Stolovi,Klub Stolovi,
"Klub stočić ""MILANO""",Milano Klub Stočić,R,29700,Klub Stolovi,Klub Stolovi,
"Klub stočić ""KAIRO""",Kairo Klub Stočić,R,20950,Klub Stolovi,Klub Stolovi,
"Klub stočić ""PERLA""",Perla Klub Stočić,R,32900,Klub Stolovi,Klub Stolovi,
"Barski sto ""PIRAMIDA""",Piramida Barski Sto,R,29700,Klub Stolovi,Klub Stolovi,
"Barski sto ""PARIZ""",Pariz Barski Sto,R,29700,Klub Stolovi,Klub Stolovi,
"Klub stočić ""LEON""",Leon Klub Stočić,R,28150,Klub Stolovi,Klub Stolovi,
"Klub stočić "" PARIZ""",Pariz Klub Stočić,R,28150,Klub Stolovi,Klub Stolovi,
"Klub stočić "" ORION""",Orion Klub Stočić,R,28150,Klub Stolovi,Klub Stolovi,
"Klub stočić "" CAPRI""",Capri Klub Stočić,R,20950,Klub Stolovi,Klub Stolovi,
"Klub stočić ""FENIX""",Fenix Klub Stočić,R,23500,Klub Stolovi,Klub Stolovi,
"Klub stočić ""HAVANA""",Havana Klub Stočić,R,20500,Klub Stolovi,Klub Stolovi,
"Klub stočić ""TOSKANA""",Toskana Klub Stočić,R,24850,Klub Stolovi,Klub Stolovi,
"Klub sto "" RODOS """,Rodos Klub Sto,R,27600,Klub Stolovi,Klub Stolovi,
"Klub sto "" KS – 1 "" - BUKVA",Ks – 1 Klub Sto,R,9250,Klub Stolovi,Klub Stolovi,
"Klub sto "" KS – 1 "" - HRAST",Ks – 1 Klub Sto,R,10950,Klub Stolovi,Klub Stolovi,
"Klub sto "" KS – 2 "" - BUKVA",Ks – 2 Klub Sto,R,13550,Klub Stolovi,Klub Stolovi,
"Klub sto "" KS – 2 "" - HRAST",Ks – 2 Klub Sto,R,15300,Klub Stolovi,Klub Stolovi,
"Klub sto "" KS – 3 "" - BUKVA",Ks – 3 Klub Sto,R,12500,Klub Stolovi,Klub Stolovi,
"Klub sto "" KS – 3 "" - HRAST",Ks – 3 Klub Sto,R,15300,Klub Stolovi,Klub Stolovi,
"Dvokrilna komoda ""ATINA 90""",Atina 90 Dvokrilna Komoda,R,39750,Komode i Vitrine,Komode i Vitrine,
"Trokrilna komoda ""ATINA 130""",Atina 130 Trokrilna Komoda,R,66150,Komode i Vitrine,Komode i Vitrine,
"Dvokrilna komoda ""ALEKS 90""",Aleks 90 Dvokrilna Komoda,R,43850,Komode i Vitrine,Komode i Vitrine,
"Trokrilna komoda ""ALEKS 130""",Aleks 130 Trokrilna Komoda,R,67450,Komode i Vitrine,Komode i Vitrine,
"TV komoda "" DANON""-komplet",Danon Tv Komoda,R,65750,Komode i Vitrine,Komode i Vitrine,
"TV komoda "" DANON""- velika vitrina",Danon Tv Komoda,R,23550,Komode i Vitrine,Komode i Vitrine,
"TV komoda "" DANON""- mala vitrina",Danon Tv Komoda,R,20850,Komode i Vitrine,Komode i Vitrine,
"TV komoda "" DANON""- tv polica",Danon Tv Komoda,R,21200,Komode i Vitrine,Komode i Vitrine,
"Ugaona vitrina "" DANON""",Danon Ugaona Vitrina,R,60750,Komode i Vitrine,Komode i Vitrine,
"Dvokrilna komoda "" KAIRO""",Kairo Dvokrilna Komoda,R,46150,Komode i Vitrine,Komode i Vitrine,
"Trokrilna komoda "" KAIRO""",Kairo Trokrilna Komoda,R,64850,Komode i Vitrine,Komode i Vitrine,
"TV komoda "" KAIRO""",Kairo Tv Komoda,R,50950,Komode i Vitrine,Komode i Vitrine,
"Staklena vitrina"" KAIRO""",Kairo Staklena Vitrina,R,67400,Komode i Vitrine,Komode i Vitrine,
"Jednokrilna vitrina"" KAIRO""",Kairo Jednokrilna Vitrina,R,50500,Komode i Vitrine,Komode i Vitrine,
"Ogledalo "" KAIRO""",Kairo Ogledalo,R,19250,Komode i Vitrine,Komode i Vitrine,
"TV komoda "" MILANO""",Milano Tv Komoda,R,64850,Komode i Vitrine,Komode i Vitrine,
"Dvokrilna komoda "" GRAND""",Grand Dvokrilna Komoda,R,47400,Komode i Vitrine,Komode i Vitrine,
"Trokrilna komoda "" GRAND""",Grand Trokrilna Komoda,R,64900,Komode i Vitrine,Komode i Vitrine,
"Dvokrilna nadgradnja "" GRAND""",Grand Dvokrilna Nadgradnja,R,42400,Komode i Vitrine,Komode i Vitrine,
"Trokrilna nadgradnja "" GRAND""",Grand Trokrilna Nadgradnja,R,57450,Komode i Vitrine,Komode i Vitrine,
"Dvokrilna vitrina "" GRAND""",Grand Dvokrilna Vitrina,R,64250,Komode i Vitrine,Komode i Vitrine,
"Jednokrilna vitrina "" GRAND""",Grand Jednokrilna Vitrina,R,48200,Komode i Vitrine,Komode i Vitrine,
"TV komoda "" GRAND""",Grand Tv Komoda,R,50950,Komode i Vitrine,Komode i Vitrine,
"Trokrilna komoda "" PERLA """,Perla Trokrilna Komoda,R,66200,Komode i Vitrine,Komode i Vitrine,
"Dvokrilna komoda "" VENUS""",Venus Dvokrilna Komoda,R,44200,Komode i Vitrine,Komode i Vitrine,
"Trokrilna komoda "" VENUS""",Venus Trokrilna Komoda,R,60100,Komode i Vitrine,Komode i Vitrine,
"Dvokrilna nadgradnja "" VENUS""",Venus Dvokrilna Nadgradnja,R,41850,Komode i Vitrine,Komode i Vitrine,
"Trokrilna nadgradnja "" VENUS""",Venus Trokrilna Nadgradnja,R,56000,Komode i Vitrine,Komode i Vitrine,
"Dvokrilna komoda "" ORION""",Orion Dvokrilna Komoda,R,45950,Komode i Vitrine,Komode i Vitrine,
"Trokrilna komoda "" ORION""",Orion Trokrilna Komoda,R,61050,Komode i Vitrine,Komode i Vitrine,
"Komoda sa fiokama "" ORION""",Orion Komoda Sa Fiokama,R,74750,Komode i Vitrine,Komode i Vitrine,
"TV komoda "" ORION""",Orion Tv Komoda,R,49700,Komode i Vitrine,Komode i Vitrine,
"Jednokrilna vitrina"" ORION""",Orion Jednokrilna Vitrina,R,51300,Komode i Vitrine,Komode i Vitrine,
"Dvokrilna vitrina"" ORION""",Orion Dvokrilna Vitrina,R,67100,Komode i Vitrine,Komode i Vitrine,
"Jednokrilna biblioteka"" ORION""",Orion Jednokrilna Biblioteka,R,48350,Komode i Vitrine,Komode i Vitrine,
"Dvokrilna biblioteka"" ORION""",Orion Dvokrilna Biblioteka,R,60500,Komode i Vitrine,Komode i Vitrine,
"Ogledalo ""ORION""",Orion Ogledalo,R,19650,Komode i Vitrine,Komode i Vitrine,
"Polica ""ORION"" 1200 x 200 mm",Orion Polica,R,5400,Komode i Vitrine,Komode i Vitrine,
"Dvokrilna komoda "" LEON""",Leon Dvokrilna Komoda,R,48250,Komode i Vitrine,Komode i Vitrine,
"Komoda "" LEON"" sa 3 fioke",Leon Komoda,R,55750,Komode i Vitrine,Komode i Vitrine,
"Trokrilna komoda "" LEON""",Leon Trokrilna Komoda,R,69050,Komode i Vitrine,Komode i Vitrine,
"Komoda "" LEON"" sa 9 fioka",Leon Komoda,R,85050,Komode i Vitrine,Komode i Vitrine,
"Četvorokrilna komoda "" LEON""",Leon Četvorokrilna Komoda,R,89850,Komode i Vitrine,Komode i Vitrine,
"TV komoda "" LEON""",Leon Tv Komoda,R,54450,Komode i Vitrine,Komode i Vitrine,
"TV komoda "" LEON plus""",Leon Plus Tv Komoda,R,82250,Komode i Vitrine,Komode i Vitrine,
"Komoda "" LEON"" sa 5 fioka",Leon Komoda,R,61450,Komode i Vitrine,Komode i Vitrine,
"Jednokrilna vitrina"" LEON""",Leon Jednokrilna Vitrina,R,54050,Komode i Vitrine,Komode i Vitrine,
"Dvokrilna vitrina"" LEON""",Leon Dvokrilna Vitrina,R,72750,Komode i Vitrine,Komode i Vitrine,
"Jednokrilna biblioteka"" LEON""",Leon Jednokrilna Biblioteka,R,50950,Komode i Vitrine,Komode i Vitrine,
"Dvokrilna biblioteka"" LEON""",Leon Dvokrilna Biblioteka,R,65950,Komode i Vitrine,Komode i Vitrine,
"Čiviluk ""LEON""",Leon Čiviluk,R,27400,Komode i Vitrine,Komode i Vitrine,
"Ogledalo ""LEON"" 1970 x 700 mm",Leon Ogledalo,R,23650,Komode i Vitrine,Komode i Vitrine,
"Ogledalo ""LEON"" 1480 x 830 mm",Leon Ogledalo,R,20700,Komode i Vitrine,Komode i Vitrine,
"Polica ""LEON"" 1200 x 200 mm",Leon Polica,R,5400,Komode i Vitrine,Komode i Vitrine,
"Dvokrilna komoda "" SCALA""",Scala Dvokrilna Komoda,R,54900,Komode i Vitrine,Komode i Vitrine,
"Trokrilna komoda "" SCALA""",Scala Trokrilna Komoda,R,71350,Komode i Vitrine,Komode i Vitrine,
"Ogledalo "" SCALA""",Scala Ogledalo,R,25550,Komode i Vitrine,Komode i Vitrine,
"Dvokrilna vitrina"" SCALA – K""",Scala – K Dvokrilna Vitrina,R,74650,Komode i Vitrine,Komode i Vitrine,
"Dvokrilna vitrina"" SCALA – F""",Scala – F Dvokrilna Vitrina,R,79300,Komode i Vitrine,Komode i Vitrine,
"Dvokrilna komoda "" ELEGANCE""",Elegance Dvokrilna Komoda,R,43850,Komode i Vitrine,Komode i Vitrine,
"Trokrilna komoda "" ELEGANCE""",Elegance Trokrilna Komoda,R,67400,Komode i Vitrine,Komode i Vitrine,
"Ogledalo ""ELEGANCE 2K""",Elegance 2K Ogledalo,R,17800,Komode i Vitrine,Komode i Vitrine,
"Ogledalo ""ELEGANCE 3K""",Elegance 3K Ogledalo,R,20700,Komode i Vitrine,Komode i Vitrine,
"Dvokrilna komoda "" CAPRI""",Capri Dvokrilna Komoda,R,45050,Komode i Vitrine,Komode i Vitrine,
"Trokrilna komoda "" CAPRI""",Capri Trokrilna Komoda,R,61500,Komode i Vitrine,Komode i Vitrine,
"Jednokrilna vitrina"" CAPRI""",Capri Jednokrilna Vitrina,R,50950,Komode i Vitrine,Komode i Vitrine,
"Jednokrilna biblioteka"" CAPRI""",Capri Jednokrilna Biblioteka,R,48150,Komode i Vitrine,Komode i Vitrine,
"Dvokrilna vitrina"" CAPRI""",Capri Dvokrilna Vitrina,R,65800,Komode i Vitrine,Komode i Vitrine,
"Dvokrilna biblioteka"" CAPRI""",Capri Dvokrilna Biblioteka,R,62250,Komode i Vitrine,Komode i Vitrine,
"Komoda ""CAPRI"" sa 3 fioke",Capri Komoda,R,50950,Komode i Vitrine,Komode i Vitrine,
"TV komoda "" CAPRI""",Capri Tv Komoda,R,47000,Komode i Vitrine,Komode i Vitrine,
"Polica ""CAPRI""",Capri Polica,R,19950,Komode i Vitrine,Komode i Vitrine,
"Ogledalo ""CAPRI"" 1358 x 830 mm",Capri Ogledalo,R,20650,Komode i Vitrine,Komode i Vitrine,
"Dvokrilna komoda "" FENIX""",Fenix Dvokrilna Komoda,R,41100,Komode i Vitrine,Komode i Vitrine,
"Trokrilna komoda "" FENIX""",Fenix Trokrilna Komoda,R,58650,Komode i Vitrine,Komode i Vitrine,
"Jednokrilna vitrina"" FENIX""",Fenix Jednokrilna Vitrina,R,50250,Komode i Vitrine,Komode i Vitrine,
"Jednokrilna biblioteka"" FENIX""",Fenix Jednokrilna Biblioteka,R,47150,Komode i Vitrine,Komode i Vitrine,
"Dvokrilna vitrina"" FENIX""",Fenix Dvokrilna Vitrina,R,67200,Komode i Vitrine,Komode i Vitrine,
"Dvokrilna biblioteka"" FENIX""",Fenix Dvokrilna Biblioteka,R,60750,Komode i Vitrine,Komode i Vitrine,
"Komoda ""FENIX"" sa 3 fioke",Fenix Komoda,R,44100,Komode i Vitrine,Komode i Vitrine,
"Komoda ""FENIX"" sa 5 fioka",Fenix Komoda,R,49400,Komode i Vitrine,Komode i Vitrine,
"Komoda ""FENIX"" sa 4 krila",Fenix Komoda,R,54450,Komode i Vitrine,Komode i Vitrine,
"TV komoda "" FENIX""",Fenix Tv Komoda,R,43650,Komode i Vitrine,Komode i Vitrine,
"Polica ""FENIX""",Fenix Polica,R,5400,Komode i Vitrine,Komode i Vitrine,
"Ogledalo ""FENIX"" 1480 x 830 mm",Fenix Ogledalo,R,20700,Komode i Vitrine,Komode i Vitrine,
"Dvokrilna vitrina"" HAVANA""",Havana Dvokrilna Vitrina,R,61250,Komode i Vitrine,Komode i Vitrine,
"Zidna vitrina"" HAVANA""",Havana Zidna Vitrina,R,46950,Komode i Vitrine,Komode i Vitrine,
"TV komoda "" HAVANA""",Havana Tv Komoda,R,49550,Komode i Vitrine,Komode i Vitrine,
"Trokrilna komoda "" HAVANA""",Havana Trokrilna Komoda,R,59700,Komode i Vitrine,Komode i Vitrine,
"Dvokrilna komoda "" HAVANA""",Havana Dvokrilna Komoda,R,42350,Komode i Vitrine,Komode i Vitrine,
"Polica ""HAVANA""",Havana Polica,R,7750,Komode i Vitrine,Komode i Vitrine,
"Polica ""HAVANA – EXTRA""",Havana – Extra Polica,R,25750,Komode i Vitrine,Komode i Vitrine,
"Jednokrilna vitrina"" TOSKANA""",Toskana Jednokrilna Vitrina,R,59400,Komode i Vitrine,Komode i Vitrine,
"Zidna vitrina"" TOSKANA""",Toskana Zidna Vitrina,R,58350,Komode i Vitrine,Komode i Vitrine,
"TV komoda "" TOSKANA""",Toskana Tv Komoda,R,61200,Komode i Vitrine,Komode i Vitrine,
"Trokrilna komoda "" TOSKANA""",Toskana Trokrilna Komoda,R,72850,Komode i Vitrine,Komode i Vitrine,
"Dvokrilna komoda "" TOSKANA""",Toskana Dvokrilna Komoda,R,54050,Komode i Vitrine,Komode i Vitrine,
"Polica "" TOSKANA""",Toskana Polica,R,7750,Komode i Vitrine,Komode i Vitrine,
"Dvokrilna komoda "" RODOS""",Rodos Dvokrilna Komoda,R,48250,Komode i Vitrine,Komode i Vitrine,
"Trokrilna komoda "" RODOS""",Rodos Trokrilna Komoda,R,69050,Komode i Vitrine,Komode i Vitrine,
"TV komoda "" RODOS – 1600""",Rodos – 1600 Tv Komoda,R,54450,Komode i Vitrine,Komode i Vitrine,
"TV komoda "" RODOS – 2000""",Rodos – 2000 Tv Komoda,R,61250,Komode i Vitrine,Komode i Vitrine,
"TV pano "" RODOS "" L-2000 mm",Rodos Tv Pano,R,39450,Komode i Vitrine,Komode i Vitrine,
"TV pano "" RODOS "" L-1600 mm",Rodos Tv Pano,R,35500,Komode i Vitrine,Komode i Vitrine,
"Dvokrilna komoda "" KENT 1140 x 860 x 427 """,Kent 1140 X 860 X 427 Dvokrilna Komoda,R,62400,Komode i Vitrine,Komode i Vitrine,
"Trokrilna komoda "" KENT 1600 x 860 x 427 """,Kent 1600 X 860 X 427 Trokrilna Komoda,R,92050,Komode i Vitrine,Komode i Vitrine,
"TV komoda "" KENT 1800 x 620 x 427 """,Kent 1800 X 620 X 427 Tv Komoda,R,79050,Komode i Vitrine,Komode i Vitrine,
"Komoda sa 3 fioke "" KENT 1140 x 860 x 427 """,Kent 1140 X 860 X 427 Komoda Sa 3 Fioke,R,71750,Komode i Vitrine,Komode i Vitrine,
"Dvokrilna vitrina"" HAVANA""",Havana Dvokrilna Vitrina,R,5100,Komode i Vitrine,Komode i Vitrine,
"Zidna vitrina"" HAVANA""",Havana Zidna Vitrina,R,5100,Komode i Vitrine,Komode i Vitrine,
"Jednokrilna vitrina"" TOSKANA""",Toskana Jednokrilna Vitrina,R,3750,Komode i Vitrine,Komode i Vitrine,
"Zidna vitrina"" TOSKANA""",Toskana Zidna Vitrina,R,5350,Komode i Vitrine,Komode i Vitrine,
"TV komoda "" TOSKANA""",Toskana Tv Komoda,R,5350,Komode i Vitrine,Komode i Vitrine,
"Trokrilna komoda "" TOSKANA""",Toskana Trokrilna Komoda,R,6900,Komode i Vitrine,Komode i Vitrine,
"Dvokrilna komoda "" TOSKANA""",Toskana Dvokrilna Komoda,R,5350,Komode i Vitrine,Komode i Vitrine,
"Dvokrilna komoda "" RODOS""",Rodos Dvokrilna Komoda,R,4450,Komode i Vitrine,Komode i Vitrine,
"Trokrilna komoda "" RODOS""",Rodos Trokrilna Komoda,R,4450,Komode i Vitrine,Komode i Vitrine,
"TV komoda "" RODOS – 1600""",Rodos – 1600 Tv Komoda,R,4450,Komode i Vitrine,Komode i Vitrine,
"TV komoda "" RODOS – 2000""",Rodos – 2000 Tv Komoda,R,4450,Komode i Vitrine,Komode i Vitrine,
"TV pano "" RODOS """,Rodos Tv Pano,R,4950,Komode i Vitrine,Komode i Vitrine,
"Krevet "" GRAND"" 2000/900",Grand Krevet,R,68650,Spavaće sobe,Spavaće sobe,
"Krevet "" GRAND"" 2000/1400",Grand Krevet,R,85200,Spavaće sobe,Spavaće sobe,
"Krevet "" GRAND"" 2000/1600",Grand Krevet,R,91850,Spavaće sobe,Spavaće sobe,
"Krevet "" GRAND"" 2000/1800",Grand Krevet,R,98450,Spavaće sobe,Spavaće sobe,
"Toaletni sto "" GRAND""",Grand Toaletni Sto,R,34950,Spavaće sobe,Spavaće sobe,
"Ogledalo "" GRAND""",Grand Ogledalo,R,20700,Spavaće sobe,Spavaće sobe,
"Noćnik "" GRAND""",Grand Noćnik,R,35900,Spavaće sobe,Spavaće sobe,
"Dvokrilni ormar "" GRAND"" 2500/800/520-oklagija",Grand Dvokrilni Ormar,R,74250,Spavaće sobe,Spavaće sobe,
"Dvokrilni ormar "" GRAND"" 2500/800/520-police",Grand Dvokrilni Ormar,R,76450,Spavaće sobe,Spavaće sobe,
"Jednokrilni ormar "" GRAND"" 2500/400/520-oklagija",Grand Jednokrilni Ormar,R,47250,Spavaće sobe,Spavaće sobe,
"Jednokrilni ormar "" GRAND"" 2500/400/520-police",Grand Jednokrilni Ormar,R,49600,Spavaće sobe,Spavaće sobe,
"Dvokrilni ormar "" GRAND"" 2500/600/520-5 fioka",Grand Dvokrilni Ormar,R,78750,Spavaće sobe,Spavaće sobe,
"Dvokrilni ormar "" GRAND LUX"" 2100/800/520-oklagija",Grand Lux Dvokrilni Ormar,R,63900,Spavaće sobe,Spavaće sobe,
"Dvokrilni ormar "" GRAND LUX"" 2100/800/520-police",Grand Lux Dvokrilni Ormar,R,65750,Spavaće sobe,Spavaće sobe,
"Jednokrilni ormar "" GRAND LUX "" 2100/400/520-oklagija",Grand Lux Jednokrilni Ormar,R,40850,Spavaće sobe,Spavaće sobe,
"Jednokrilni ormar "" GRAND LUX "" 2100/400/520-police",Grand Lux Jednokrilni Ormar,R,42200,Spavaće sobe,Spavaće sobe,
"Krevet "" LEON"" 2000/900",Leon Krevet,R,56650,Spavaće sobe,Spavaće sobe,
"Krevet "" LEON"" 2000/1400",Leon Krevet,R,69950,Spavaće sobe,Spavaće sobe,
"Krevet "" LEON"" 2000/1600",Leon Krevet,R,75250,Spavaće sobe,Spavaće sobe,
"Krevet ""LEON"" 2000/1800",Leon Krevet,R,80900,Spavaće sobe,Spavaće sobe,
"Toaletni sto "" LEON""",Leon Toaletni Sto,R,34950,Spavaće sobe,Spavaće sobe,
"Ogledalo "" LEON "" 1000 x 830 mm",Leon Ogledalo,R,16850,Spavaće sobe,Spavaće sobe,
"Noćnik "" LEON""",Leon Noćnik,R,25200,Spavaće sobe,Spavaće sobe,
"Dvokrilni ormar "" LEON "" 2260/900/560-oklagija",Leon Dvokrilni Ormar,R,58850,Spavaće sobe,Spavaće sobe,
"Dvokrilni ormar "" LEON "" 2260/900/560-police",Leon Dvokrilni Ormar,R,62200,Spavaće sobe,Spavaće sobe,
"Jednokrilni ormar "" LEON "" 2260/450/560-oklagija",Leon Jednokrilni Ormar,R,37700,Spavaće sobe,Spavaće sobe,
"Jednokrilni ormar "" LEON "" 2260/450/560-police",Leon Jednokrilni Ormar,R,39950,Spavaće sobe,Spavaće sobe,
"Dvokrilni ormar "" LEON "" 2260/900/560- 2 fioke",Leon Dvokrilni Ormar,R,64900,Spavaće sobe,Spavaće sobe,
"k-1 dva uznozja 80,90 x 190",k-1 dva uznozja,M,11700,Krevet Natur,Krevet,Natur
"k-1 dva uznozja 80,90 x 200",k-1 dva uznozja,M,12300,Krevet Natur,Krevet,Natur
"k-1 povišen, dva uznožja 90 x 200","k-1 povišen, dva uznožja",M,12750,Krevet Natur,Krevet,Natur
"k-1 80,90 x 190",k-1,M,15550,Krevet Natur,Krevet,Natur
"k-1 80,90 x 200",k-1,M,16150,Krevet Natur,Krevet,Natur
k-1 povišen 90 x 200,k-1 povišen,M,16750,Krevet Natur,Krevet,Natur
"k-1 sofa 80,90 x 190",k-1 sofa,M,21200,Krevet Natur,Krevet,Natur
"k-1 sofa 80,90 x 200",k-1 sofa,M,21800,Krevet Natur,Krevet,Natur
"k-1 sofa BOX 80,90 x 190",k-1 sofa BOX,M,41350,Krevet Natur,Krevet,Natur
"k-1 sofa BOX 80,90 x 200",k-1 sofa BOX,M,41750,Krevet Natur,Krevet,Natur
"k-1 sofa R (sa rupama) 80,90 x 190",k-1 sofa R (sa rupama),M,25450,Krevet Natur,Krevet,Natur
"k-1 sofa R (sa rupama) 80,90 x 200",k-1 sofa R (sa rupama),M,26050,Krevet Natur,Krevet,Natur
"k-1 sofa R (sa rupama) BOX 80,90 x 190",k-1 sofa R (sa rupama) BOX,M,45400,Krevet Natur,Krevet,Natur
"k-1 sofa R (sa rupama) BOX 80,90 x 200",k-1 sofa R (sa rupama) BOX,M,45800,Krevet Natur,Krevet,Natur
k-1 povišena sofa 90 x 200,k-1 povišena sofa,M,22600,Krevet Natur,Krevet,Natur
k-1 povišena sofa R (sa rupama) 90 x 200,k-1 povišena sofa R (sa rupama),M,26850,Krevet Natur,Krevet,Natur
"k-1 pun 80,90 x 190",k-1 pun,M,18750,Krevet Natur,Krevet,Natur
"k-1 pun 80,90 x 200",k-1 pun,M,19400,Krevet Natur,Krevet,Natur
k-1 pun povišen 90 x 200,k-1 pun povišen,M,19800,Krevet Natur,Krevet,Natur
"k-1 puna sofa 80,90 x 190",k-1 puna sofa,M,26850,Krevet Natur,Krevet,Natur
"k-1 puna sofa 80,90 x 200",k-1 puna sofa,M,27450,Krevet Natur,Krevet,Natur
k-1 puna povišena sofa 90 x 200,k-1 puna povišena sofa,M,28050,Krevet Natur,Krevet,Natur
"k-2 80,90 x 190",k-2,M,23400,Krevet Natur,Krevet,Natur
"k-2 80,90 x 200",k-2,M,23400,Krevet Natur,Krevet,Natur
k-2 box 90 x 190,k-2 box,M,44600,Krevet Natur,Krevet,Natur
k-2 box 90 x 200,k-2 box,M,44600,Krevet Natur,Krevet,Natur
"k-3 ( spratni krevet ) 80,90 x 190",k-3 ( spratni krevet ),M,35900,Krevet Natur,Krevet,Natur
"k-3 ( spratni krevet ) 80,90 x 200",k-3 ( spratni krevet ),M,37300,Krevet Natur,Krevet,Natur
"k-3 ( spratni krevet ) V 80,90 x 190",k-3 ( spratni krevet ) V,M,39950,Krevet Natur,Krevet,Natur
"k-3 ( spratni krevet ) V 80,90 x 200",k-3 ( spratni krevet ) V,M,41350,Krevet Natur,Krevet,Natur
k-3 povišen 90 x 200,k-3 povišen,M,38750,Krevet Natur,Krevet,Natur
k-3 povišen V 90 x 200,k-3 povišen V,M,42750,Krevet Natur,Krevet,Natur
"k-4 120,140 i 160 x 200",k-4,M,29450,Krevet Natur,Krevet,Natur
k-4 180 x 200,k-4,M,34700,Krevet Natur,Krevet,Natur
"k-4 F 140,160 x 200",k-4 F,M,30450,Krevet Natur,Krevet,Natur
k-4 F 180 x 200,k-4 F,M,35900,Krevet Natur,Krevet,Natur
"k-5 120,140 i 160 x 200",k-5,M,34300,Krevet Natur,Krevet,Natur
k-5 180 x 200,k-5,M,37950,Krevet Natur,Krevet,Natur
"k-5 F 140,160 x 200",k-5 F,M,35300,Krevet Natur,Krevet,Natur
k-5 F 180 x 200,k-5 F,M,38950,Krevet Natur,Krevet,Natur
"k-6 120,140 i 160 x 200",k-6,M,37950,Krevet Natur,Krevet,Natur
k-6 180 x 200,k-6,M,44200,Krevet Natur,Krevet,Natur
"k-6 F 140,160 x 200",k-6 F,M,38950,Krevet Natur,Krevet,Natur
k-6 F 180 x 200,k-6 F,M,45200,Krevet Natur,Krevet,Natur
"k-6 BOX 120,140 i 160 x 200",k-6 BOX,M,72000,Krevet Natur,Krevet,Natur
"k-7 120,140 i 160 x 200",k-7,M,44200,Krevet Natur,Krevet,Natur
k-7 180 x 200,k-7,M,50000,Krevet Natur,Krevet,Natur
"k-7 F 140,160 x 200",k-7 F,M,45200,Krevet Natur,Krevet,Natur
k-7 F 180 x 200,k-7 F,M,51050,Krevet Natur,Krevet,Natur
"k-7 BOX 120,140 i 160 x 200",k-7 BOX,M,83900,Krevet Natur,Krevet,Natur
"k-8 samac ( bez maske uznožja ) 80,90 x 190",k-8 samac ( bez maske uznožja ),M,19800,Krevet Natur,Krevet,Natur
"k-8 samac ( bez maske uznožja ) 80,90 x 200",k-8 samac ( bez maske uznožja ),M,19800,Krevet Natur,Krevet,Natur
k-8 samac BOX 90 x 190,k-8 samac BOX,M,39950,Krevet Natur,Krevet,Natur
k-8 samac BOX 90 x 200,k-8 samac BOX,M,39950,Krevet Natur,Krevet,Natur
"k-8 120,140 i 160 x 200",k-8,M,37950,Krevet Natur,Krevet,Natur
k-8 180 x 200,k-8,M,44200,Krevet Natur,Krevet,Natur
"k-8 F 140,160 x 200",k-8 F,M,38950,Krevet Natur,Krevet,Natur
k-8 F 180 x 200,k-8 F,M,45200,Krevet Natur,Krevet,Natur
"k-8 (bez maske uznožja) 120,140 i 160 x 200",k-8 (bez maske uznožja),M,33300,Krevet Natur,Krevet,Natur
k-8 (bez maske uznožja) 180 x 200,k-8 (bez maske uznožja),M,39550,Krevet Natur,Krevet,Natur
"k-8 BOX 120,140 i 160 x 200",k-8 BOX,M,72000,Krevet Natur,Krevet,Natur
"k-9 120,140 i 160 x 200",k-9,M,69800,Krevet Natur,Krevet,Natur
k-9 180 x 200,k-9,M,75600,Krevet Natur,Krevet,Natur
"k-10 80,90 x 190",k-10,M,40350,Krevet Natur,Krevet,Natur
"k-10 80,90 x 200",k-10,M,43150,Krevet Natur,Krevet,Natur
"k-10 V 80,90 x 190",k-10 V,M,44400,Krevet Natur,Krevet,Natur
"k-10 V 80,90 x 200",k-10 V,M,47200,Krevet Natur,Krevet,Natur
k-10 povišen 90 x 200,k-10 povišen,M,43150,Krevet Natur,Krevet,Natur
k-10 povišen V 90 x 200,k-10 povišen V,M,47200,Krevet Natur,Krevet,Natur
"k-11 80,90 x 190",k-11,M,41750,Krevet Natur,Krevet,Natur
"k-11 80,90 x 200",k-11,M,45000,Krevet Natur,Krevet,Natur
"k-11 V 80,90 x 190",k-11 V,M,45800,Krevet Natur,Krevet,Natur
"k-11 V 80,90 x 200",k-11 V,M,48800,Krevet Natur,Krevet,Natur
k-11 povišen 90 x 200,k-11 povišen,M,45000,Krevet Natur,Krevet,Natur
k-11 povišen V 90 x 200,k-11 povišen V,M,48800,Krevet Natur,Krevet,Natur
"k-12 80,90 x 190",k-12,M,35900,Krevet Natur,Krevet,Natur
"k-12 80,90 x 200",k-12,M,37300,Krevet Natur,Krevet,Natur
"k-12 V 80,90 x 190",k-12 V,M,39950,Krevet Natur,Krevet,Natur
"k-12 V 80,90 x 200",k-12 V,M,41350,Krevet Natur,Krevet,Natur
k-12 povišen 90 x 200,k-12 povišen,M,38750,Krevet Natur,Krevet,Natur
k-12 povišen V 90 x 200,k-12 povišen V,M,42750,Krevet Natur,Krevet,Natur
"k-13 80,90 x 190",k-13,M,38750,Krevet Natur,Krevet,Natur
"k-13 80,90 x 200",k-13,M,40350,Krevet Natur,Krevet,Natur
"k-13 V 80,90 x 190",k-13 V,M,42750,Krevet Natur,Krevet,Natur
"k-13 V 80,90 x 200",k-13 V,M,44400,Krevet Natur,Krevet,Natur
k-13 povišen 90 x 200,k-13 povišen,M,41750,Krevet Natur,Krevet,Natur
k-13 povišen V 90 x 200,k-13 povišen V,M,45800,Krevet Natur,Krevet,Natur
"k-14 80,90 x 190",k-14,M,30250,Krevet Natur,Krevet,Natur
"k-14 80,90 x 200",k-14,M,33300,Krevet Natur,Krevet,Natur
"k-15 120,140,160x190",k-15,M,44400,Krevet Natur,Krevet,Natur
"k-15 120,140,160x200",k-15,M,47600,Krevet Natur,Krevet,Natur
"k-16 120,140,160x190",k-16,M,63550,Krevet Natur,Krevet,Natur
"k-16 120,140,160x200",k-16,M,66550,Krevet Natur,Krevet,Natur
"k-17 80,90x190",k-17,M,45800,Krevet Natur,Krevet,Natur
"k-17 80,90x200",k-17,M,49000,Krevet Natur,Krevet,Natur
"k-17 V 80,90x190",k-17 V,M,49800,Krevet Natur,Krevet,Natur
"k-17 V 80,90x200",k-17 V,M,52850,Krevet Natur,Krevet,Natur
k-17 povišen 90x200,k-17 povišen,M,49000,Krevet Natur,Krevet,Natur
k-17 povišen V 90x200,k-17 povišen V,M,52850,Krevet Natur,Krevet,Natur
"k-18 80,90x190",k-18,M,47400,Krevet Natur,Krevet,Natur
"k-18 80,90x200",k-18,M,50650,Krevet Natur,Krevet,Natur
"k-18 V 80,90x190",k-18 V,M,51250,Krevet Natur,Krevet,Natur
"k-18 V 80,90x200",k-18 V,M,54450,Krevet Natur,Krevet,Natur
k-18 povišen 90x200,k-18 povišen,M,50650,Krevet Natur,Krevet,Natur
k-18 povišen V 90x200,k-18 povišen V,M,54450,Krevet Natur,Krevet,Natur
"k-19 80,90x190",k-19,M,49000,Krevet Natur,Krevet,Natur
"k-19 80,90x200",k-19,M,52050,Krevet Natur,Krevet,Natur
"k-19 V 80,90x190",k-19 V,M,52850,Krevet Natur,Krevet,Natur
"k-19 V 80,90x200",k-19 V,M,56050,Krevet Natur,Krevet,Natur
k-19 povišen 90x200,k-19 povišen,M,52050,Krevet Natur,Krevet,Natur
k-19 povišen V 90x200,k-19 povišen V,M,56050,Krevet Natur,Krevet,Natur
"k-20 80,90x190",k-20,M,45800,Krevet Natur,Krevet,Natur
"k-20 80,90x200",k-20,M,49000,Krevet Natur,Krevet,Natur
"k-20 V 80,90x190",k-20 V,M,49800,Krevet Natur,Krevet,Natur
"k-20 V 80,90x200",k-20 V,M,52850,Krevet Natur,Krevet,Natur
k-20 povišen 90x200,k-20 povišen,M,49000,Krevet Natur,Krevet,Natur
k-20 povišen V 90x200,k-20 povišen V,M,52850,Krevet Natur,Krevet,Natur
"k-21 80,90x190",k-21,M,45800,Krevet Natur,Krevet,Natur
"k-21 80,90x200",k-21,M,49000,Krevet Natur,Krevet,Natur
"k-21 V 80,90x190",k-21 V,M,49800,Krevet Natur,Krevet,Natur
"k-21 V 80,90x200",k-21 V,M,52850,Krevet Natur,Krevet,Natur
k-21 povišen 90x200,k-21 povišen,M,49000,Krevet Natur,Krevet,Natur
k-21 povišen V 90x200,k-21 povišen V,M,52850,Krevet Natur,Krevet,Natur
"k-22 80,90x190",k-22,M,36900,Krevet Natur,Krevet,Natur
"k-22 80,90x200",k-22,M,40150,Krevet Natur,Krevet,Natur
"k-23 120,140,160x190",k-23,M,49600,Krevet Natur,Krevet,Natur
"k-23 120,140,160x200",k-23,M,52850,Krevet Natur,Krevet,Natur
"k-24 120,140,160x190",k-24,M,68550,Krevet Natur,Krevet,Natur
"k-24 120,140,160x200",k-24,M,71800,Krevet Natur,Krevet,Natur
"k-25 80,90x190",k-25,M,53850,Krevet Natur,Krevet,Natur
"k-25 80,90x200",k-25,M,56900,Krevet Natur,Krevet,Natur
"k-26 80,90x190",k-26,M,55450,Krevet Natur,Krevet,Natur
"k-26 80,90x200",k-26,M,58500,Krevet Natur,Krevet,Natur
"k-27 80,90x190",k-27,M,56900,Krevet Natur,Krevet,Natur
"k-27 80,90x200",k-27,M,60100,Krevet Natur,Krevet,Natur
"k-28 80,90x190",k-28,M,53850,Krevet Natur,Krevet,Natur
"k-28 80,90x200",k-28,M,56900,Krevet Natur,Krevet,Natur
"k-29 80,90x190",k-29,M,53850,Krevet Natur,Krevet,Natur
"k-29 80,90x200",k-29,M,56900,Krevet Natur,Krevet,Natur
"k-30 80,90x190",k-30,M,45000,Krevet Natur,Krevet,Natur
"k-30 80,90x200",k-30,M,48200,Krevet Natur,Krevet,Natur
"k-31 120,140,160x190",k-31,M,57700,Krevet Natur,Krevet,Natur
"k-31 120,140,160x200",k-31,M,60700,Krevet Natur,Krevet,Natur
"k-32 120,140,160x190",k-32,M,76650,Krevet Natur,Krevet,Natur
"k-32 120,140,160x200",k-32,M,79650,Krevet Natur,Krevet,Natur
"k-33 samac 80,90x190",k-33 samac,M,23400,Krevet Natur,Krevet,Natur
"k-33 samac 80,90x200",k-33 samac,M,23400,Krevet Natur,Krevet,Natur
"k-33 120,140 i 160 x 200",k-33,M,37950,Krevet Natur,Krevet,Natur
k-33 180 x 200,k-33,M,43750,Krevet Natur,Krevet,Natur
k-34 140/90x190,k-34,M,61900,Krevet Natur,Krevet,Natur
k-34 140/90x200,k-34,M,61900,Krevet Natur,Krevet,Natur
k-35 140/90x190,k-35,M,85100,Krevet Natur,Krevet,Natur
k-35 140/90x200,k-35,M,85100,Krevet Natur,Krevet,Natur
k-36 sofa 80/160x200,k-36 sofa,M,88750,Krevet Natur,Krevet,Natur
"fioka ležaj, za povišene krevete 90 x 190",,M,15550,Krevet Natur,Krevet,Natur
"fioka za posteljinu 55,65,75 x 90",,M,7100,Krevet Natur,Krevet,Natur
"k-1 dva uznozja 80,90 x 190",k-1 dva uznozja,M,13950,Krevet Bajc,Krevet,Bajc
"k-1 dva uznozja 80,90 x 200",k-1 dva uznozja,M,14750,Krevet Bajc,Krevet,Bajc
"k-1 povišen, dva uznožja 90 x 200","k-1 povišen, dva uznožja",M,15350,Krevet Bajc,Krevet,Bajc
"k-1 80,90 x 190",k-1,M,18750,Krevet Bajc,Krevet,Bajc
"k-1 80,90 x 200",k-1,M,19400,Krevet Bajc,Krevet,Bajc
k-1 povišen 90 x 200,k-1 povišen,M,20000,Krevet Bajc,Krevet,Bajc
"k-1 sofa 80,90 x 190",k-1 sofa,M,25450,Krevet Bajc,Krevet,Bajc
"k-1 sofa 80,90 x 200",k-1 sofa,M,26250,Krevet Bajc,Krevet,Bajc
"k-1 sofa BOX 80,90 x 190",k-1 sofa BOX,M,49600,Krevet Bajc,Krevet,Bajc
"k-1 sofa BOX 80,90 x 200",k-1 sofa BOX,M,50200,Krevet Bajc,Krevet,Bajc
"k-1 sofa R (sa rupama) 80,90 x 190",k-1 sofa R (sa rupama),M,30450,Krevet Bajc,Krevet,Bajc
"k-1 sofa R (sa rupama) 80,90 x 200",k-1 sofa R (sa rupama),M,31250,Krevet Bajc,Krevet,Bajc
"k-1 sofa R (sa rupama) BOX 80,90 x 190",k-1 sofa R (sa rupama) BOX,M,54250,Krevet Bajc,Krevet,Bajc
"k-1 sofa R (sa rupama) BOX 80,90 x 200",k-1 sofa R (sa rupama) BOX,M,55050,Krevet Bajc,Krevet,Bajc
k-1 povišena sofa 90 x 200,k-1 povišena sofa,M,27250,Krevet Bajc,Krevet,Bajc
k-1 povišena sofa R (sa rupama) 90 x 200,k-1 povišena sofa R (sa rupama),M,32300,Krevet Bajc,Krevet,Bajc
"k-1 pun 80,90 x 190",k-1 pun,M,22400,Krevet Bajc,Krevet,Bajc
"k-1 pun 80,90 x 200",k-1 pun,M,23200,Krevet Bajc,Krevet,Bajc
k-1 pun povišen 90 x 200,k-1 pun povišen,M,23800,Krevet Bajc,Krevet,Bajc
"k-1 puna sofa 80,90 x 190",k-1 puna sofa,M,32300,Krevet Bajc,Krevet,Bajc
"k-1 puna sofa 80,90 x 200",k-1 puna sofa,M,32900,Krevet Bajc,Krevet,Bajc
k-1 puna povišena sofa 90 x 200,k-1 puna povišena sofa,M,33700,Krevet Bajc,Krevet,Bajc
"k-2 80,90 x 190",k-2,M,28250,Krevet Bajc,Krevet,Bajc
"k-2 80,90 x 200",k-2,M,28250,Krevet Bajc,Krevet,Bajc
k-2 box 90 x 190,k-2 box,M,53650,Krevet Bajc,Krevet,Bajc
k-2 box 90 x 200,k-2 box,M,53650,Krevet Bajc,Krevet,Bajc
"k-3 ( spratni krevet ) 80,90 x 190",k-3 ( spratni krevet ),M,42950,Krevet Bajc,Krevet,Bajc
"k-3 ( spratni krevet ) 80,90 x 200",k-3 ( spratni krevet ),M,44800,Krevet Bajc,Krevet,Bajc
"k-3 ( spratni krevet ) V 80,90 x 190",k-3 ( spratni krevet ) V,M,47800,Krevet Bajc,Krevet,Bajc
"k-3 ( spratni krevet ) V 80,90 x 200",k-3 ( spratni krevet ) V,M,49400,Krevet Bajc,Krevet,Bajc
k-3 povišen 90 x 200,k-3 povišen,M,46400,Krevet Bajc,Krevet,Bajc
k-3 povišen V 90 x 200,k-3 povišen V,M,51250,Krevet Bajc,Krevet,Bajc
"k-4 120,140 i 160 x 200",k-4,M,35300,Krevet Bajc,Krevet,Bajc
k-4 180 x 200,k-4,M,41750,Krevet Bajc,Krevet,Bajc
"k-4 F 140,160 x 200",k-4 F,M,36700,Krevet Bajc,Krevet,Bajc
k-4 F 180 x 200,k-4 F,M,42950,Krevet Bajc,Krevet,Bajc
"k-5 120,140 i 160 x 200",k-5,M,40950,Krevet Bajc,Krevet,Bajc
k-5 180 x 200,k-5,M,45400,Krevet Bajc,Krevet,Bajc
"k-5 F 140,160 x 200",k-5 F,M,42350,Krevet Bajc,Krevet,Bajc
k-5 F 180 x 200,k-5 F,M,46800,Krevet Bajc,Krevet,Bajc
"k-6 120,140 i 160 x 200",k-6,M,45400,Krevet Bajc,Krevet,Bajc
k-6 180 x 200,k-6,M,52850,Krevet Bajc,Krevet,Bajc
"k-6 F 140,160 x 200",k-6 F,M,46800,Krevet Bajc,Krevet,Bajc
k-6 F 180 x 200,k-6 F,M,54250,Krevet Bajc,Krevet,Bajc
"k-6 BOX 120,140 i 160 x 200",k-6 BOX,M,86500,Krevet Bajc,Krevet,Bajc
"k-7 120,140 i 160 x 200",k-7,M,52850,Krevet Bajc,Krevet,Bajc
k-7 180 x 200,k-7,M,59900,Krevet Bajc,Krevet,Bajc
"k-7 F 140,160 x 200",k-7 F,M,54250,Krevet Bajc,Krevet,Bajc
k-7 F 180 x 200,k-7 F,M,61300,Krevet Bajc,Krevet,Bajc
"k-7 BOX 120,140 i 160 x 200",k-7 BOX,M,100600,Krevet Bajc,Krevet,Bajc
"k-8 samac ( bez maske uznožja ) 80,90 x 190",k-8 samac ( bez maske uznožja ),M,23800,Krevet Bajc,Krevet,Bajc
"k-8 samac ( bez maske uznožja ) 80,90 x 200",k-8 samac ( bez maske uznožja ),M,23800,Krevet Bajc,Krevet,Bajc
k-8 samac BOX 90 x 190,k-8 samac BOX,M,48000,Krevet Bajc,Krevet,Bajc
k-8 samac BOX 90 x 200,k-8 samac BOX,M,48000,Krevet Bajc,Krevet,Bajc
"k-8 120,140 i 160 x 200",k-8,M,45400,Krevet Bajc,Krevet,Bajc
k-8 180 x 200,k-8,M,52850,Krevet Bajc,Krevet,Bajc
"k-8 F 140,160 x 200",k-8 F,M,46800,Krevet Bajc,Krevet,Bajc
k-8 F 180 x 200,k-8 F,M,54250,Krevet Bajc,Krevet,Bajc
"k-8 (bez maske uznožja) 120,140 i 160 x 200",k-8 (bez maske uznožja),M,39950,Krevet Bajc,Krevet,Bajc
k-8 (bez maske uznožja) 180 x 200,k-8 (bez maske uznožja),M,47400,Krevet Bajc,Krevet,Bajc
"k-8 BOX 120,140 i 160 x 200",k-8 BOX,M,86500,Krevet Bajc,Krevet,Bajc
"k-9 120,140 i 160 x 200",k-9,M,83700,Krevet Bajc,Krevet,Bajc
k-9 180 x 200,k-9,M,90750,Krevet Bajc,Krevet,Bajc
"k-10 80,90 x 190",k-10,M,48400,Krevet Bajc,Krevet,Bajc
"k-10 80,90 x 200",k-10,M,51850,Krevet Bajc,Krevet,Bajc
"k-10 V 80,90 x 190",k-10 V,M,53250,Krevet Bajc,Krevet,Bajc
"k-10 V 80,90 x 200",k-10 V,M,56650,Krevet Bajc,Krevet,Bajc
k-10 povišen 90 x 200,k-10 povišen,M,51850,Krevet Bajc,Krevet,Bajc
k-10 povišen V 90 x 200,k-10 povišen V,M,56650,Krevet Bajc,Krevet,Bajc
"k-11 80,90 x 190",k-11,M,50200,Krevet Bajc,Krevet,Bajc
"k-11 80,90 x 200",k-11,M,53850,Krevet Bajc,Krevet,Bajc
"k-11 V 80,90 x 190",k-11 V,M,54850,Krevet Bajc,Krevet,Bajc
"k-11 V 80,90 x 200",k-11 V,M,58700,Krevet Bajc,Krevet,Bajc
k-11 povišen 90 x 200,k-11 povišen,M,53850,Krevet Bajc,Krevet,Bajc
k-11 povišen V 90 x 200,k-11 povišen V,M,58700,Krevet Bajc,Krevet,Bajc
"k-12 80,90 x 190",k-12,M,42950,Krevet Bajc,Krevet,Bajc
"k-12 80,90 x 200",k-12,M,44800,Krevet Bajc,Krevet,Bajc
"k-12 V 80,90 x 190",k-12 V,M,47800,Krevet Bajc,Krevet,Bajc
"k-12 V 80,90 x 200",k-12 V,M,49400,Krevet Bajc,Krevet,Bajc
k-12 povišen 90 x 200,k-12 povišen,M,46400,Krevet Bajc,Krevet,Bajc
k-12 povišen V 90 x 200,k-12 povišen V,M,51250,Krevet Bajc,Krevet,Bajc
"k-13 80,90 x 190",k-13,M,46400,Krevet Bajc,Krevet,Bajc
"k-13 80,90 x 200",k-13,M,48400,Krevet Bajc,Krevet,Bajc
"k-13 V 80,90 x 190",k-13 V,M,51250,Krevet Bajc,Krevet,Bajc
"k-13 V 80,90 x 200",k-13 V,M,53250,Krevet Bajc,Krevet,Bajc
k-13 povišen 90 x 200,k-13 povišen,M,50200,Krevet Bajc,Krevet,Bajc
k-13 povišen V 90 x 200,k-13 povišen V,M,54850,Krevet Bajc,Krevet,Bajc
"k-14 80,90 x 190",k-14,M,36300,Krevet Bajc,Krevet,Bajc
"k-14 80,90 x 200",k-14,M,39950,Krevet Bajc,Krevet,Bajc
"k-15 120,140,160x190",k-15,M,53250,Krevet Bajc,Krevet,Bajc
"k-15 120,140,160x200",k-15,M,57100,Krevet Bajc,Krevet,Bajc
"k-16 120,140,160x190",k-16,M,76250,Krevet Bajc,Krevet,Bajc
"k-16 120,140,160x200",k-16,M,79850,Krevet Bajc,Krevet,Bajc
"k-17 80,90x190",k-17,M,54850,Krevet Bajc,Krevet,Bajc
"k-17 80,90x200",k-17,M,58700,Krevet Bajc,Krevet,Bajc
"k-17 V 80,90x190",k-17 V,M,59700,Krevet Bajc,Krevet,Bajc
"k-17 V 80,90x200",k-17 V,M,63550,Krevet Bajc,Krevet,Bajc
k-17 povišen 90x200,k-17 povišen,M,58700,Krevet Bajc,Krevet,Bajc
k-17 povišen V 90x200,k-17 povišen V,M,63550,Krevet Bajc,Krevet,Bajc
"k-18 80,90x190",k-18,M,56900,Krevet Bajc,Krevet,Bajc
"k-18 80,90x200",k-18,M,60700,Krevet Bajc,Krevet,Bajc
"k-18 V 80,90x190",k-18 V,M,61500,Krevet Bajc,Krevet,Bajc
"k-18 V 80,90x200",k-18 V,M,65350,Krevet Bajc,Krevet,Bajc
k-18 povišen 90x200,k-18 povišen,M,60700,Krevet Bajc,Krevet,Bajc
k-18 povišen V 90x200,k-18 povišen V,M,65350,Krevet Bajc,Krevet,Bajc
"k-19 80,90x190",k-19,M,58700,Krevet Bajc,Krevet,Bajc
"k-19 80,90x200",k-19,M,62500,Krevet Bajc,Krevet,Bajc
"k-19 V 80,90x190",k-19 V,M,63550,Krevet Bajc,Krevet,Bajc
"k-19 V 80,90x200",k-19 V,M,67350,Krevet Bajc,Krevet,Bajc
k-19 povišen 90x200,k-19 povišen,M,62500,Krevet Bajc,Krevet,Bajc
k-19 povišen V 90x200,k-19 povišen V,M,67350,Krevet Bajc,Krevet,Bajc
"k-20 80,90x190",k-20,M,54850,Krevet Bajc,Krevet,Bajc
"k-20 80,90x200",k-20,M,58700,Krevet Bajc,Krevet,Bajc
"k-20 V 80,90x190",k-20 V,M,59700,Krevet Bajc,Krevet,Bajc
"k-20 V 80,90x200",k-20 V,M,63550,Krevet Bajc,Krevet,Bajc
k-20 povišen 90x200,k-20 povišen,M,58700,Krevet Bajc,Krevet,Bajc
k-20 povišen V 90x200,k-20 povišen V,M,63550,Krevet Bajc,Krevet,Bajc
"k-21 80,90x190",k-21,M,54850,Krevet Bajc,Krevet,Bajc
"k-21 80,90x200",k-21,M,58700,Krevet Bajc,Krevet,Bajc
"k-21 V 80,90x190",k-21 V,M,59700,Krevet Bajc,Krevet,Bajc
"k-21 V 80,90x200",k-21 V,M,63550,Krevet Bajc,Krevet,Bajc
k-21 povišen 90x200,k-21 povišen,M,58700,Krevet Bajc,Krevet,Bajc
k-21 povišen V 90x200,k-21 povišen V,M,63550,Krevet Bajc,Krevet,Bajc
"k-22 80,90x190",k-22,M,44400,Krevet Bajc,Krevet,Bajc
"k-22 80,90x200",k-22,M,48000,Krevet Bajc,Krevet,Bajc
"k-23 120,140,160x190",k-23,M,59500,Krevet Bajc,Krevet,Bajc
"k-23 120,140,160x200",k-23,M,63350,Krevet Bajc,Krevet,Bajc
"k-24 120,140,160x190",k-24,M,82300,Krevet Bajc,Krevet,Bajc
"k-24 120,140,160x200",k-24,M,86100,Krevet Bajc,Krevet,Bajc
"k-25 80,90x190",k-25,M,64550,Krevet Bajc,Krevet,Bajc
"k-25 80,90x200",k-25,M,68350,Krevet Bajc,Krevet,Bajc
"k-26 80,90x190",k-26,M,66350,Krevet Bajc,Krevet,Bajc
"k-26 80,90x200",k-26,M,70200,Krevet Bajc,Krevet,Bajc
"k-27 80,90x190",k-27,M,68350,Krevet Bajc,Krevet,Bajc
"k-27 80,90x200",k-27,M,72200,Krevet Bajc,Krevet,Bajc
"k-28 80,90x190",k-28,M,64550,Krevet Bajc,Krevet,Bajc
"k-28 80,90x200",k-28,M,68350,Krevet Bajc,Krevet,Bajc
"k-29 80,90x190",k-29,M,64550,Krevet Bajc,Krevet,Bajc
"k-29 80,90x200",k-29,M,68350,Krevet Bajc,Krevet,Bajc
"k-30 80,90x190",k-30,M,53850,Krevet Bajc,Krevet,Bajc
"k-30 80,90x200",k-30,M,57700,Krevet Bajc,Krevet,Bajc
"k-31 120,140,160x190",k-31,M,69150,Krevet Bajc,Krevet,Bajc
"k-31 120,140,160x200",k-31,M,72800,Krevet Bajc,Krevet,Bajc
"k-32 120,140,160x190",k-32,M,91750,Krevet Bajc,Krevet,Bajc
"k-32 120,140,160x200",k-32,M,95600,Krevet Bajc,Krevet,Bajc
"k-33 samac 80,90x190",k-33 samac,M,28050,Krevet Bajc,Krevet,Bajc
"k-33 samac 80,90x200",k-33 samac,M,28050,Krevet Bajc,Krevet,Bajc
"k-33 120,140 i 160 x 200",k-33,M,45400,Krevet Bajc,Krevet,Bajc
k-33 180 x 200,k-33,M,52650,Krevet Bajc,Krevet,Bajc
k-34 140/90x190,k-34,M,74400,Krevet Bajc,Krevet,Bajc
k-34 140/90x200,k-34,M,74400,Krevet Bajc,Krevet,Bajc
k-35 140/90x190,k-35,M,102050,Krevet Bajc,Krevet,Bajc
k-35 140/90x200,k-35,M,102050,Krevet Bajc,Krevet,Bajc
k-36 sofa 80/160x200,k-36 sofa,M,106450,Krevet Bajc,Krevet,Bajc
"fioka ležaj, za povišene krevete 90 x 190",,M,18750,Krevet Bajc,Krevet,Bajc
"fioka za posteljinu 55,65,75 x 90",,M,8500,Krevet Bajc,Krevet,Bajc
Alvaro TDF Garnitura O,Alvaro TDF Garnitura,D,158500,TDF Garniture O,TDF Garniture,O
Alvaro TDF Garnitura S,Alvaro TDF Garnitura,D,166600,TDF Garniture S,TDF Garniture,S
Alvaro TDF Garnitura X,Alvaro TDF Garnitura,D,174400,TDF Garniture X,TDF Garniture,X
Anja TDF Garnitura O,Anja TDF Garnitura,D,136350,TDF Garniture O,TDF Garniture,O
Anja TDF Garnitura S,Anja TDF Garnitura,D,143100,TDF Garniture S,TDF Garniture,S
Anja TDF Garnitura X,Anja TDF Garnitura,D,150000,TDF Garniture X,TDF Garniture,X
Doris TDF Garnitura O,Doris TDF Garnitura,D,139650,TDF Garniture O,TDF Garniture,O
Doris TDF Garnitura S,Doris TDF Garnitura,D,146750,TDF Garniture S,TDF Garniture,S
Doris TDF Garnitura X,Doris TDF Garnitura,D,153650,TDF Garniture X,TDF Garniture,X
Emanuela TDF Garnitura O,Emanuela TDF Garnitura,D,194950,TDF Garniture O,TDF Garniture,O
Emanuela TDF Garnitura S,Emanuela TDF Garnitura,D,204800,TDF Garniture S,TDF Garniture,S
Emanuela TDF Garnitura X,Emanuela TDF Garnitura,D,214450,TDF Garniture X,TDF Garniture,X
Grosso TDF Garnitura O,Grosso TDF Garnitura,D,193050,TDF Garniture O,TDF Garniture,O
Grosso TDF Garnitura S,Grosso TDF Garnitura,D,202700,TDF Garniture S,TDF Garniture,S
Grosso TDF Garnitura X,Grosso TDF Garnitura,D,212400,TDF Garniture X,TDF Garniture,X
Julija TDF Garnitura O,Julija TDF Garnitura,D,149300,TDF Garniture O,TDF Garniture,O
Julija TDF Garnitura S,Julija TDF Garnitura,D,156750,TDF Garniture S,TDF Garniture,S
Julija TDF Garnitura X,Julija TDF Garnitura,D,164350,TDF Garniture X,TDF Garniture,X
Kongo TDF Garnitura O,Kongo TDF Garnitura,D,110250,TDF Garniture O,TDF Garniture,O
Kongo TDF Garnitura S,Kongo TDF Garnitura,D,115800,TDF Garniture S,TDF Garniture,S
Kongo TDF Garnitura X,Kongo TDF Garnitura,D,121500,TDF Garniture X,TDF Garniture,X
Nadja TDF Garnitura O,Nadja TDF Garnitura,D,148650,TDF Garniture O,TDF Garniture,O
Nadja TDF Garnitura S,Nadja TDF Garnitura,D,156050,TDF Garniture S,TDF Garniture,S
Nadja TDF Garnitura X,Nadja TDF Garnitura,D,163500,TDF Garniture X,TDF Garniture,X
Nancy TDF Garnitura O,Nancy TDF Garnitura,D,130150,TDF Garniture O,TDF Garniture,O
Nancy TDF Garnitura S,Nancy TDF Garnitura,D,136550,TDF Garniture S,TDF Garniture,S
Nancy TDF Garnitura X,Nancy TDF Garnitura,D,143300,TDF Garniture X,TDF Garniture,X
Orlando TDF Garnitura O,Orlando TDF Garnitura,D,189250,TDF Garniture O,TDF Garniture,O
Orlando TDF Garnitura S,Orlando TDF Garnitura,D,198750,TDF Garniture S,TDF Garniture,S
Orlando TDF Garnitura X,Orlando TDF Garnitura,D,208250,TDF Garniture X,TDF Garniture,X
Qubo TDF Garnitura O,Qubo TDF Garnitura,D,149000,TDF Garniture O,TDF Garniture,O
Qubo TDF Garnitura S,Qubo TDF Garnitura,D,156400,TDF Garniture S,TDF Garniture,S
Qubo TDF Garnitura X,Qubo TDF Garnitura,D,164000,TDF Garniture X,TDF Garniture,X
Saska TDF Garnitura O,Saska TDF Garnitura,D,145850,TDF Garniture O,TDF Garniture,O
Saska TDF Garnitura S,Saska TDF Garnitura,D,153300,TDF Garniture S,TDF Garniture,S
Saska TDF Garnitura X,Saska TDF Garnitura,D,160550,TDF Garniture X,TDF Garniture,X
Sintija TDF Garnitura O,Sintija TDF Garnitura,D,142600,TDF Garniture O,TDF Garniture,O
Sintija TDF Garnitura S,Sintija TDF Garnitura,D,149650,TDF Garniture S,TDF Garniture,S
Sintija TDF Garnitura X,Sintija TDF Garnitura,D,156750,TDF Garniture X,TDF Garniture,X
Tipo TDF Garnitura O,Tipo TDF Garnitura,D,166600,TDF Garniture O,TDF Garniture,O
Tipo TDF Garnitura S,Tipo TDF Garnitura,D,174900,TDF Garniture S,TDF Garniture,S
Tipo TDF Garnitura X,Tipo TDF Garnitura,D,183350,TDF Garniture X,TDF Garniture,X
Ultra TDF Garnitura O,Ultra TDF Garnitura,D,181300,TDF Garniture O,TDF Garniture,O
Ultra TDF Garnitura S,Ultra TDF Garnitura,D,190300,TDF Garniture S,TDF Garniture,S
Ultra TDF Garnitura X,Ultra TDF Garnitura,D,199450,TDF Garniture X,TDF Garniture,X
Alvaro Trosed O,Alvaro Trosed,D,64800,Trosedi O,Trosedi,O
Alvaro Trosed S,Alvaro Trosed,D,68100,Trosedi S,Trosedi,S
Alvaro Trosed X,Alvaro Trosed,D,71400,Trosedi X,Trosedi,X
Anja Trosed O,Anja Trosed,D,63600,Trosedi O,Trosedi,O
Anja Trosed S,Anja Trosed,D,66750,Trosedi S,Trosedi,S
Anja Trosed X,Anja Trosed,D,70000,Trosedi X,Trosedi,X
Doris Trosed O,Doris Trosed,D,61900,Trosedi O,Trosedi,O
Doris Trosed S,Doris Trosed,D,65000,Trosedi S,Trosedi,S
Doris Trosed X,Doris Trosed,D,68100,Trosedi X,Trosedi,X
Emanuela Trosed O,Emanuela Trosed,D,92300,Trosedi O,Trosedi,O
Emanuela Trosed S,Emanuela Trosed,D,96950,Trosedi S,Trosedi,S
Emanuela Trosed X,Emanuela Trosed,D,101450,Trosedi X,Trosedi,X
Grosso Trosed O,Grosso Trosed,D,82450,Trosedi O,Trosedi,O
Grosso Trosed S,Grosso Trosed,D,86600,Trosedi S,Trosedi,S
Grosso Trosed X,Grosso Trosed,D,90750,Trosedi X,Trosedi,X
Julija Trosed O,Julija Trosed,D,58250,Trosedi O,Trosedi,O
Julija Trosed S,Julija Trosed,D,61200,Trosedi S,Trosedi,S
Julija Trosed X,Julija Trosed,D,64150,Trosedi X,Trosedi,X
Kongo Trosed O,Kongo Trosed,D,42350,Trosedi O,Trosedi,O
Kongo Trosed S,Kongo Trosed,D,44450,Trosedi S,Trosedi,S
Kongo Trosed X,Kongo Trosed,D,46700,Trosedi X,Trosedi,X
Nadja Trosed O,Nadja Trosed,D,60850,Trosedi O,Trosedi,O
Nadja Trosed S,Nadja Trosed,D,63950,Trosedi S,Trosedi,S
Nadja Trosed X,Nadja Trosed,D,66900,Trosedi X,Trosedi,X
Nancy Trosed O,Nancy Trosed,D,53050,Trosedi O,Trosedi,O
Nancy Trosed S,Nancy Trosed,D,55650,Trosedi S,Trosedi,S
Nancy Trosed X,Nancy Trosed,D,58450,Trosedi X,Trosedi,X
Orlando Trosed O,Orlando Trosed,D,76050,Trosedi O,Trosedi,O
Orlando Trosed S,Orlando Trosed,D,79850,Trosedi S,Trosedi,S
Orlando Trosed X,Orlando Trosed,D,83650,Trosedi X,Trosedi,X
Qubo Trosed O,Qubo Trosed,D,72750,Trosedi O,Trosedi,O
Qubo Trosed S,Qubo Trosed,D,76400,Trosedi S,Trosedi,S
Qubo Trosed X,Qubo Trosed,D,80050,Trosedi X,Trosedi,X
Saska Trosed O,Saska Trosed,D,71900,Trosedi O,Trosedi,O
Saska Trosed S,Saska Trosed,D,75550,Trosedi S,Trosedi,S
Saska Trosed X,Saska Trosed,D,79150,Trosedi X,Trosedi,X
Sintija Trosed O,Sintija Trosed,D,62600,Trosedi O,Trosedi,O
Sintija Trosed S,Sintija Trosed,D,65700,Trosedi S,Trosedi,S
Sintija Trosed X,Sintija Trosed,D,68800,Trosedi X,Trosedi,X
Tipo Trosed O,Tipo Trosed,D,70850,Trosedi O,Trosedi,O
Tipo Trosed S,Tipo Trosed,D,74500,Trosedi S,Trosedi,S
Tipo Trosed X,Tipo Trosed,D,77950,Trosedi X,Trosedi,X
Ultra Trosed O,Ultra Trosed,D,71550,Trosedi O,Trosedi,O
Ultra Trosed S,Ultra Trosed,D,75200,Trosedi S,Trosedi,S
Ultra Trosed X,Ultra Trosed,D,78650,Trosedi X,Trosedi,X
Alvaro Dvosed O,Alvaro Dvosed,D,60700,Dvosedi O,Dvosedi,O
Alvaro Dvosed S,Alvaro Dvosed,D,63800,Dvosedi S,Dvosedi,S
Alvaro Dvosed X,Alvaro Dvosed,D,66750,Dvosedi X,Dvosedi,X
Anja Dvosed O,Anja Dvosed,D,47350,Dvosedi O,Dvosedi,O
Anja Dvosed S,Anja Dvosed,D,49800,Dvosedi S,Dvosedi,S
Anja Dvosed X,Anja Dvosed,D,52050,Dvosedi X,Dvosedi,X
Doris Dvosed O,Doris Dvosed,D,47200,Dvosedi O,Dvosedi,O
Doris Dvosed S,Doris Dvosed,D,49600,Dvosedi S,Dvosedi,S
Doris Dvosed X,Doris Dvosed,D,51850,Dvosedi X,Dvosedi,X
Emanuela Dvosed O,Emanuela Dvosed,D,62050,Dvosedi O,Dvosedi,O
Emanuela Dvosed S,Emanuela Dvosed,D,65150,Dvosedi S,Dvosedi,S
Emanuela Dvosed X,Emanuela Dvosed,D,68300,Dvosedi X,Dvosedi,X
Grosso Dvosed O,Grosso Dvosed,D,75700,Dvosedi O,Dvosedi,O
Grosso Dvosed S,Grosso Dvosed,D,79500,Dvosedi S,Dvosedi,S
Grosso Dvosed X,Grosso Dvosed,D,83300,Dvosedi X,Dvosedi,X
Julija Dvosed O,Julija Dvosed,D,52200,Dvosedi O,Dvosedi,O
Julija Dvosed S,Julija Dvosed,D,54800,Dvosedi S,Dvosedi,S
Julija Dvosed X,Julija Dvosed,D,57400,Dvosedi X,Dvosedi,X
Kongo Dvosed O,Kongo Dvosed,D,37350,Dvosedi O,Dvosedi,O
Kongo Dvosed S,Kongo Dvosed,D,39250,Dvosedi S,Dvosedi,S
Kongo Dvosed X,Kongo Dvosed,D,41150,Dvosedi X,Dvosedi,X
Nadja Dvosed O,Nadja Dvosed,D,53050,Dvosedi O,Dvosedi,O
Nadja Dvosed S,Nadja Dvosed,D,55650,Dvosedi S,Dvosedi,S
Nadja Dvosed X,Nadja Dvosed,D,58450,Dvosedi X,Dvosedi,X
Nancy Dvosed O,Nancy Dvosed,D,47900,Dvosedi O,Dvosedi,O
Nancy Dvosed S,Nancy Dvosed,D,50300,Dvosedi S,Dvosedi,S
Nancy Dvosed X,Nancy Dvosed,D,52750,Dvosedi X,Dvosedi,X
Orlando Dvosed O,Orlando Dvosed,D,68650,Dvosedi O,Dvosedi,O
Orlando Dvosed S,Orlando Dvosed,D,72100,Dvosedi S,Dvosedi,S
Orlando Dvosed X,Orlando Dvosed,D,75550,Dvosedi X,Dvosedi,X
Qubo Dvosed O,Qubo Dvosed,D,47550,Dvosedi O,Dvosedi,O
Qubo Dvosed S,Qubo Dvosed,D,49950,Dvosedi S,Dvosedi,S
Qubo Dvosed X,Qubo Dvosed,D,52400,Dvosedi X,Dvosedi,X
Saska Dvosed O,Saska Dvosed,D,40800,Dvosedi O,Dvosedi,O
Saska Dvosed S,Saska Dvosed,D,42900,Dvosedi S,Dvosedi,S
Saska Dvosed X,Saska Dvosed,D,44950,Dvosedi X,Dvosedi,X
Sintija Dvosed O,Sintija Dvosed,D,49950,Dvosedi O,Dvosedi,O
Sintija Dvosed S,Sintija Dvosed,D,52400,Dvosedi S,Dvosedi,S
Sintija Dvosed X,Sintija Dvosed,D,55000,Dvosedi X,Dvosedi,X
Tipo Dvosed O,Tipo Dvosed,D,56350,Dvosedi O,Dvosedi,O
Tipo Dvosed S,Tipo Dvosed,D,59100,Dvosedi S,Dvosedi,S
Tipo Dvosed X,Tipo Dvosed,D,62050,Dvosedi X,Dvosedi,X
Ultra Dvosed O,Ultra Dvosed,D,63600,Dvosedi O,Dvosedi,O
Ultra Dvosed S,Ultra Dvosed,D,66750,Dvosedi S,Dvosedi,S
Ultra Dvosed X,Ultra Dvosed,D,70000,Dvosedi X,Dvosedi,X
Alvaro Fotelja O,Alvaro Fotelja,D,33050,Fotelje O,Fotelje,O
Alvaro Fotelja S,Alvaro Fotelja,D,34750,Fotelje S,Fotelje,S
Alvaro Fotelja X,Alvaro Fotelja,D,36300,Fotelje X,Fotelje,X
Anja Fotelja O,Anja Fotelja,D,25450,Fotelje O,Fotelje,O
Anja Fotelja S,Anja Fotelja,D,26650,Fotelje S,Fotelje,S
Anja Fotelja X,Anja Fotelja,D,28000,Fotelje X,Fotelje,X
Doris Fotelja O,Doris Fotelja,D,30600,Fotelje O,Fotelje,O
Doris Fotelja S,Doris Fotelja,D,32150,Fotelje S,Fotelje,S
Doris Fotelja X,Doris Fotelja,D,33700,Fotelje X,Fotelje,X
Emanuela Fotelja O,Emanuela Fotelja,D,40650,Fotelje O,Fotelje,O
Emanuela Fotelja S,Emanuela Fotelja,D,42700,Fotelje S,Fotelje,S
Emanuela Fotelja X,Emanuela Fotelja,D,44800,Fotelje X,Fotelje,X
Grosso Fotelja O,Grosso Fotelja,D,34950,Fotelje O,Fotelje,O
Grosso Fotelja S,Grosso Fotelja,D,36650,Fotelje S,Fotelje,S
Grosso Fotelja X,Grosso Fotelja,D,38400,Fotelje X,Fotelje,X
Julija Fotelja O,Julija Fotelja,D,38900,Fotelje O,Fotelje,O
Julija Fotelja S,Julija Fotelja,D,40800,Fotelje S,Fotelje,S
Julija Fotelja X,Julija Fotelja,D,42900,Fotelje X,Fotelje,X
Kongo Fotelja O,Kongo Fotelja,D,30600,Fotelje O,Fotelje,O
Kongo Fotelja S,Kongo Fotelja,D,32150,Fotelje S,Fotelje,S
Kongo Fotelja X,Kongo Fotelja,D,33700,Fotelje X,Fotelje,X
Nadja Fotelja O,Nadja Fotelja,D,34750,Fotelje O,Fotelje,O
Nadja Fotelja S,Nadja Fotelja,D,36500,Fotelje S,Fotelje,S
Nadja Fotelja X,Nadja Fotelja,D,38200,Fotelje X,Fotelje,X
Nancy Fotelja O,Nancy Fotelja,D,29250,Fotelje O,Fotelje,O
Nancy Fotelja S,Nancy Fotelja,D,30600,Fotelje S,Fotelje,S
Nancy Fotelja X,Nancy Fotelja,D,32150,Fotelje X,Fotelje,X
Orlando Fotelja O,Orlando Fotelja,D,44600,Fotelje O,Fotelje,O
Orlando Fotelja S,Orlando Fotelja,D,46850,Fotelje S,Fotelje,S
Orlando Fotelja X,Orlando Fotelja,D,49100,Fotelje X,Fotelje,X
Qubo Fotelja O,Qubo Fotelja,D,28700,Fotelje O,Fotelje,O
Qubo Fotelja S,Qubo Fotelja,D,30100,Fotelje S,Fotelje,S
Qubo Fotelja X,Qubo Fotelja,D,31650,Fotelje X,Fotelje,X
Saska Fotelja O,Saska Fotelja,D,33200,Fotelje O,Fotelje,O
Saska Fotelja S,Saska Fotelja,D,34950,Fotelje S,Fotelje,S
Saska Fotelja X,Saska Fotelja,D,36500,Fotelje X,Fotelje,X
Sintija Fotelja O,Sintija Fotelja,D,30100,Fotelje O,Fotelje,O
Sintija Fotelja S,Sintija Fotelja,D,31650,Fotelje S,Fotelje,S
Sintija Fotelja X,Sintija Fotelja,D,33050,Fotelje X,Fotelje,X
Tipo Fotelja O,Tipo Fotelja,D,39400,Fotelje O,Fotelje,O
Tipo Fotelja S,Tipo Fotelja,D,41300,Fotelje S,Fotelje,S
Tipo Fotelja X,Tipo Fotelja,D,43400,Fotelje X,Fotelje,X
Ultra Fotelja O,Ultra Fotelja,D,46150,Fotelje O,Fotelje,O
Ultra Fotelja S,Ultra Fotelja,D,48400,Fotelje S,Fotelje,S
Ultra Fotelja X,Ultra Fotelja,D,50850,Fotelje X,Fotelje,X
Iskra Fotelja O,Iskra Fotelja,D,39100,Fotelje O,Fotelje,O
Iskra Fotelja S,Iskra Fotelja,D,41000,Fotelje S,Fotelje,S
Iskra Fotelja X,Iskra Fotelja,D,43050,Fotelje X,Fotelje,X
Lujlux Fotelja O,Lujlux Fotelja,D,40300,Fotelje O,Fotelje,O
Lujlux Fotelja S,Lujlux Fotelja,D,42350,Fotelje S,Fotelje,S
Lujlux Fotelja X,Lujlux Fotelja,D,44250,Fotelje X,Fotelje,X
Shell Fotelja O,Shell Fotelja,D,36500,Fotelje O,Fotelje,O
Shell Fotelja S,Shell Fotelja,D,38400,Fotelje S,Fotelje,S
Shell Fotelja X,Shell Fotelja,D,40100,Fotelje X,Fotelje,X
Ava Ugaona Garnitura O,Ava Ugaona Garnitura,D,83500,Ugaone Garniture O,Ugaone Garniture,O
Ava Ugaona Garnitura S,Ava Ugaona Garnitura,D,87650,Ugaone Garniture S,Ugaone Garniture,S
Ava Ugaona Garnitura X,Ava Ugaona Garnitura,D,91800,Ugaone Garniture X,Ugaone Garniture,X
Doris Ugaona Garnitura O,Doris Ugaona Garnitura,D,133450,Ugaone Garniture O,Ugaone Garniture,O
Doris Ugaona Garnitura S,Doris Ugaona Garnitura,D,140150,Ugaone Garniture S,Ugaone Garniture,S
Doris Ugaona Garnitura X,Doris Ugaona Garnitura,D,146750,Ugaone Garniture X,Ugaone Garniture,X
Emanuela Ugaona Garnitura O,Emanuela Ugaona Garnitura,D,116850,Ugaone Garniture O,Ugaone Garniture,O
Emanuela Ugaona Garnitura S,Emanuela Ugaona Garnitura,D,122700,Ugaone Garniture S,Ugaone Garniture,S
Emanuela Ugaona Garnitura X,Emanuela Ugaona Garnitura,D,128600,Ugaone Garniture X,Ugaone Garniture,X
Green Ugaona Garnitura O,Green Ugaona Garnitura,D,98350,Ugaone Garniture O,Ugaone Garniture,O
Green Ugaona Garnitura S,Green Ugaona Garnitura,D,103200,Ugaone Garniture S,Ugaone Garniture,S
Green Ugaona Garnitura X,Green Ugaona Garnitura,D,108200,Ugaone Garniture X,Ugaone Garniture,X
Grossot Ugaona Garnitura O,Grossot Ugaona Garnitura,D,135000,Ugaone Garniture O,Ugaone Garniture,O
Grossot Ugaona Garnitura S,Grossot Ugaona Garnitura,D,141700,Ugaone Garniture S,Ugaone Garniture,S
Grossot Ugaona Garnitura X,Grossot Ugaona Garnitura,D,148450,Ugaone Garniture X,Ugaone Garniture,X
Grossod Ugaona Garnitura O,Grossod Ugaona Garnitura,D,127200,Ugaone Garniture O,Ugaone Garniture,O
Grossod Ugaona Garnitura S,Grossod Ugaona Garnitura,D,133600,Ugaone Garniture S,Ugaone Garniture,S
Grossod Ugaona Garnitura X,Grossod Ugaona Garnitura,D,140000,Ugaone Garniture X,Ugaone Garniture,X
Hulija Ugaona Garnitura O,Hulija Ugaona Garnitura,D,87300,Ugaone Garniture O,Ugaone Garniture,O
Hulija Ugaona Garnitura S,Hulija Ugaona Garnitura,D,91600,Ugaone Garniture S,Ugaone Garniture,S
Hulija Ugaona Garnitura X,Hulija Ugaona Garnitura,D,96100,Ugaone Garniture X,Ugaone Garniture,X
Korn Ugaona Garnitura O,Korn Ugaona Garnitura,D,120300,Ugaone Garniture O,Ugaone Garniture,O
Korn Ugaona Garnitura S,Korn Ugaona Garnitura,D,126350,Ugaone Garniture S,Ugaone Garniture,S
Korn Ugaona Garnitura X,Korn Ugaona Garnitura,D,132400,Ugaone Garniture X,Ugaone Garniture,X
Lola Ugaona Garnitura O,Lola Ugaona Garnitura,D,96600,Ugaone Garniture O,Ugaone Garniture,O
Lola Ugaona Garnitura S,Lola Ugaona Garnitura,D,101450,Ugaone Garniture S,Ugaone Garniture,S
Lola Ugaona Garnitura X,Lola Ugaona Garnitura,D,106300,Ugaone Garniture X,Ugaone Garniture,X
Navara Ugaona Garnitura O,Navara Ugaona Garnitura,D,129800,Ugaone Garniture O,Ugaone Garniture,O
Navara Ugaona Garnitura S,Navara Ugaona Garnitura,D,136350,Ugaone Garniture S,Ugaone Garniture,S
Navara Ugaona Garnitura X,Navara Ugaona Garnitura,D,142750,Ugaone Garniture X,Ugaone Garniture,X
Nonora Ugaona Garnitura O,Nonora Ugaona Garnitura,D,92150,Ugaone Garniture O,Ugaone Garniture,O
Nonora Ugaona Garnitura S,Nonora Ugaona Garnitura,D,96800,Ugaone Garniture S,Ugaone Garniture,S
Nonora Ugaona Garnitura X,Nonora Ugaona Garnitura,D,101300,Ugaone Garniture X,Ugaone Garniture,X
Pikolo Ugaona Garnitura O,Pikolo Ugaona Garnitura,D,75900,Ugaone Garniture O,Ugaone Garniture,O
Pikolo Ugaona Garnitura S,Pikolo Ugaona Garnitura,D,79700,Ugaone Garniture S,Ugaone Garniture,S
Pikolo Ugaona Garnitura X,Pikolo Ugaona Garnitura,D,83500,Ugaone Garniture X,Ugaone Garniture,X
Qubo Ugaona Garnitura O,Qubo Ugaona Garnitura,D,104200,Ugaone Garniture O,Ugaone Garniture,O
Qubo Ugaona Garnitura S,Qubo Ugaona Garnitura,D,109400,Ugaone Garniture S,Ugaone Garniture,S
Qubo Ugaona Garnitura X,Qubo Ugaona Garnitura,D,114600,Ugaone Garniture X,Ugaone Garniture,X
Ria Ugaona Garnitura O,Ria Ugaona Garnitura,D,75900,Ugaone Garniture O,Ugaone Garniture,O
Ria Ugaona Garnitura S,Ria Ugaona Garnitura,D,79700,Ugaone Garniture S,Ugaone Garniture,S
Ria Ugaona Garnitura X,Ria Ugaona Garnitura,D,83500,Ugaone Garniture X,Ugaone Garniture,X
Sonata Ugaona Garnitura O,Sonata Ugaona Garnitura,D,186500,Ugaone Garniture O,Ugaone Garniture,O
Sonata Ugaona Garnitura S,Sonata Ugaona Garnitura,D,195800,Ugaone Garniture S,Ugaone Garniture,S
Sonata Ugaona Garnitura X,Sonata Ugaona Garnitura,D,205150,Ugaone Garniture X,Ugaone Garniture,X
Ultra Ugaona Garnitura O,Ultra Ugaona Garnitura,D,200800,Ugaone Garniture O,Ugaone Garniture,O
Ultra Ugaona Garnitura S,Ultra Ugaona Garnitura,D,210850,Ugaone Garniture S,Ugaone Garniture,S
Ultra Ugaona Garnitura X,Ultra Ugaona Garnitura,D,220850,Ugaone Garniture X,Ugaone Garniture,X
Vitoria Ugaona Garnitura O,Vitoria Ugaona Garnitura,D,170250,Ugaone Garniture O,Ugaone Garniture,O
Vitoria Ugaona Garnitura S,Vitoria Ugaona Garnitura,D,178700,Ugaone Garniture S,Ugaone Garniture,S
Vitoria Ugaona Garnitura X,Vitoria Ugaona Garnitura,D,187350,Ugaone Garniture X,Ugaone Garniture,X
Amadeus Ležaj O,Amadeus Ležaj,D,49600,Ležajevi O,Ležajevi,O
Amadeus Ležaj S,Amadeus Ležaj,D,52050,Ležajevi S,Ležajevi,S
Amadeus Ležaj X,Amadeus Ležaj,D,54650,Ležajevi X,Ležajevi,X
Berkli Ležaj O,Berkli Ležaj,D,65850,Ležajevi O,Ležajevi,O
Berkli Ležaj S,Berkli Ležaj,D,69150,Ležajevi S,Ležajevi,S
Berkli Ležaj X,Berkli Ležaj,D,72450,Ležajevi X,Ležajevi,X
Bern Single Premium Ležaj O,Bern Single Premium Ležaj,D,74000,Ležajevi O,Ležajevi,O
Bern Single Premium Ležaj S,Bern Single Premium Ležaj,D,77600,Ležajevi S,Ležajevi,S
Bern Single Premium Ležaj X,Bern Single Premium Ležaj,D,81400,Ležajevi X,Ležajevi,X
Bravo Ležaj O,Bravo Ležaj,D,63100,Ležajevi O,Ležajevi,O
Bravo Ležaj S,Bravo Ležaj,D,66200,Ležajevi S,Ležajevi,S
Bravo Ležaj X,Bravo Ležaj,D,69500,Ležajevi X,Ležajevi,X
Deus Ležaj O,Deus Ležaj,D,45150,Ležajevi O,Ležajevi,O
Deus Ležaj S,Deus Ležaj,D,47350,Ležajevi S,Ležajevi,S
Deus Ležaj X,Deus Ležaj,D,49600,Ležajevi X,Ležajevi,X
Dzo Ležaj O,Dzo Ležaj,D,39600,Ležajevi O,Ležajevi,O
Dzo Ležaj S,Dzo Ležaj,D,41500,Ležajevi S,Ležajevi,S
Dzo Ležaj X,Dzo Ležaj,D,43550,Ležajevi X,Ležajevi,X
Dina Ležaj O,Dina Ležaj,D,53250,Ležajevi O,Ležajevi,O
Dina Ležaj S,Dina Ležaj,D,55850,Ležajevi S,Ležajevi,S
Dina Ležaj X,Dina Ležaj,D,58600,Ležajevi X,Ležajevi,X
Green Ležaj O,Green Ležaj,D,61350,Ležajevi O,Ležajevi,O
Green Ležaj S,Green Ležaj,D,64500,Ležajevi S,Ležajevi,S
Green Ležaj X,Green Ležaj,D,67600,Ležajevi X,Ležajevi,X
Grof Ležaj O,Grof Ležaj,D,49100,Ležajevi O,Ležajevi,O
Grof Ležaj S,Grof Ležaj,D,51500,Ležajevi S,Ležajevi,S
Grof Ležaj X,Grof Ležaj,D,53950,Ležajevi X,Ležajevi,X
Grof Str Ležaj O,Grof Str Ležaj,D,57750,Ležajevi O,Ležajevi,O
Grof Str Ležaj S,Grof Str Ležaj,D,60700,Ležajevi S,Ležajevi,S
Grof Str Ležaj X,Grof Str Ležaj,D,63450,Ležajevi X,Ležajevi,X
Karla Ležaj O,Karla Ležaj,D,62750,Ležajevi O,Ležajevi,O
Karla Ležaj S,Karla Ležaj,D,65850,Ležajevi S,Ležajevi,S
Karla Ležaj X,Karla Ležaj,D,68950,Ležajevi X,Ležajevi,X
Korn Ležaj O,Korn Ležaj,D,65500,Ležajevi O,Ležajevi,O
Korn Ležaj S,Korn Ležaj,D,68800,Ležajevi S,Ležajevi,S
Korn Ležaj X,Korn Ležaj,D,72100,Ležajevi X,Ležajevi,X
Lili Ležaj O,Lili Ležaj,D,46350,Ležajevi O,Ležajevi,O
Lili Ležaj S,Lili Ležaj,D,48600,Ležajevi S,Ležajevi,S
Lili Ležaj X,Lili Ležaj,D,51000,Ležajevi X,Ležajevi,X
Logic Ležaj O,Logic Ležaj,D,67400,Ležajevi O,Ležajevi,O
Logic Ležaj S,Logic Ležaj,D,70850,Ležajevi S,Ležajevi,S
Logic Ležaj X,Logic Ležaj,D,74150,Ležajevi X,Ležajevi,X
Luj Lux Single Ležaj O,Luj Lux Single Ležaj,D,46000,Ležajevi O,Ležajevi,O
Luj Lux Single Ležaj S,Luj Lux Single Ležaj,D,48250,Ležajevi S,Ležajevi,S
Luj Lux Single Ležaj X,Luj Lux Single Ležaj,D,50650,Ležajevi X,Ležajevi,X
Lukas Ležaj O,Lukas Ležaj,D,49600,Ležajevi O,Ležajevi,O
Lukas Ležaj S,Lukas Ležaj,D,52050,Ležajevi S,Ležajevi,S
Lukas Ležaj X,Lukas Ležaj,D,54650,Ležajevi X,Ležajevi,X
Masa Ležaj O,Masa Ležaj,D,41150,Ležajevi O,Ležajevi,O
Masa Ležaj S,Masa Ležaj,D,43200,Ležajevi S,Ležajevi,S
Masa Ležaj X,Masa Ležaj,D,45300,Ležajevi X,Ležajevi,X
Momo Ležaj O,Momo Ležaj,D,58250,Ležajevi O,Ležajevi,O
Momo Ležaj S,Momo Ležaj,D,61200,Ležajevi S,Ležajevi,S
Momo Ležaj X,Momo Ležaj,D,64150,Ležajevi X,Ležajevi,X
Nina Ležaj O,Nina Ležaj,D,48400,Ležajevi O,Ležajevi,O
Nina Ležaj S,Nina Ležaj,D,50850,Ležajevi S,Ležajevi,S
Nina Ležaj X,Nina Ležaj,D,53250,Ležajevi X,Ležajevi,X
Nuba Single Premium Ležaj O,Nuba Single Premium Ležaj,D,64800,Ležajevi O,Ležajevi,O
Nuba Single Premium Ležaj S,Nuba Single Premium Ležaj,D,68100,Ležajevi S,Ležajevi,S
Nuba Single Premium Ležaj X,Nuba Single Premium Ležaj,D,71400,Ležajevi X,Ležajevi,X
Rems Ležaj O,Rems Ležaj,D,56550,Ležajevi O,Ležajevi,O
Rems Ležaj S,Rems Ležaj,D,59300,Ležajevi S,Ležajevi,S
Rems Ležaj X,Rems Ležaj,D,62250,Ležajevi X,Ležajevi,X
Rems Str Ležaj O,Rems Str Ležaj,D,65350,Ležajevi O,Ležajevi,O
Rems Str Ležaj S,Rems Str Ležaj,D,68650,Ležajevi S,Ležajevi,S
Rems Str Ležaj X,Rems Str Ležaj,D,71900,Ležajevi X,Ležajevi,X
Sasa Ležaj O,Sasa Ležaj,D,61700,Ležajevi O,Ležajevi,O
Sasa Ležaj S,Sasa Ležaj,D,64800,Ležajevi S,Ležajevi,S
Sasa Ležaj X,Sasa Ležaj,D,67950,Ležajevi X,Ležajevi,X
Vigo Ležaj O,Vigo Ležaj,D,54650,Ležajevi O,Ležajevi,O
Vigo Ležaj S,Vigo Ležaj,D,57400,Ležajevi S,Ležajevi,S
Vigo Ležaj X,Vigo Ležaj,D,60150,Ležajevi X,Ležajevi,X
Basic Dream Flex Francuski Ležaj O,Basic Dream Flex Francuski Ležaj,D,49800,Francuski Ležajevi O,Francuski Ležajevi,O
Basic Dream Flex Francuski Ležaj S,Basic Dream Flex Francuski Ležaj,D,52200,Francuski Ležajevi S,Francuski Ležajevi,S
Basic Dream Flex Francuski Ležaj X,Basic Dream Flex Francuski Ležaj,D,54800,Francuski Ležajevi X,Francuski Ležajevi,X
Basic Dream Premium Francuski Ležaj O,Basic Dream Premium Francuski Ležaj,D,68800,Francuski Ležajevi O,Francuski Ležajevi,O
Basic Dream Premium Francuski Ležaj S,Basic Dream Premium Francuski Ležaj,D,72250,Francuski Ležajevi S,Francuski Ležajevi,S
Basic Dream Premium Francuski Ležaj X,Basic Dream Premium Francuski Ležaj,D,75700,Francuski Ležajevi X,Francuski Ležajevi,X
Bern Flex Francuski Ležaj O,Bern Flex Francuski Ležaj,D,65850,Francuski Ležajevi O,Francuski Ležajevi,O
Bern Flex Francuski Ležaj S,Bern Flex Francuski Ležaj,D,69150,Francuski Ležajevi S,Francuski Ležajevi,S
Bern Flex Francuski Ležaj X,Bern Flex Francuski Ležaj,D,72450,Francuski Ležajevi X,Francuski Ležajevi,X
Bern Premium Francuski Ležaj O,Bern Premium Francuski Ležaj,D,84850,Francuski Ležajevi O,Francuski Ležajevi,O
Bern Premium Francuski Ležaj S,Bern Premium Francuski Ležaj,D,89200,Francuski Ležajevi S,Francuski Ležajevi,S
Bern Premium Francuski Ležaj X,Bern Premium Francuski Ležaj,D,93350,Francuski Ležajevi X,Francuski Ležajevi,X
Hana Flex Francuski Ležaj O,Hana Flex Francuski Ležaj,D,57900,Francuski Ležajevi O,Francuski Ležajevi,O
Hana Flex Francuski Ležaj S,Hana Flex Francuski Ležaj,D,60850,Francuski Ležajevi S,Francuski Ležajevi,S
Hana Flex Francuski Ležaj X,Hana Flex Francuski Ležaj,D,63800,Francuski Ležajevi X,Francuski Ležajevi,X
Hana Premium Francuski Ležaj O,Hana Premium Francuski Ležaj,D,76900,Francuski Ležajevi O,Francuski Ležajevi,O
Hana Premium Francuski Ležaj S,Hana Premium Francuski Ležaj,D,80700,Francuski Ležajevi S,Francuski Ležajevi,S
Hana Premium Francuski Ležaj X,Hana Premium Francuski Ležaj,D,84700,Francuski Ležajevi X,Francuski Ležajevi,X
Kongo Flex Francuski Ležaj O,Kongo Flex Francuski Ležaj,D,51700,Francuski Ležajevi O,Francuski Ležajevi,O
Kongo Flex Francuski Ležaj S,Kongo Flex Francuski Ležaj,D,54300,Francuski Ležajevi S,Francuski Ležajevi,S
Kongo Flex Francuski Ležaj X,Kongo Flex Francuski Ležaj,D,56900,Francuski Ležajevi X,Francuski Ležajevi,X
Kongo Premium Francuski Ležaj O,Kongo Premium Francuski Ležaj,D,70850,Francuski Ležajevi O,Francuski Ležajevi,O
Kongo Premium Francuski Ležaj S,Kongo Premium Francuski Ležaj,D,74500,Francuski Ležajevi S,Francuski Ležajevi,S
Kongo Premium Francuski Ležaj X,Kongo Premium Francuski Ležaj,D,77950,Francuski Ležajevi X,Francuski Ležajevi,X
Luj Lux Francuski Ležaj O,Luj Lux Francuski Ležaj,D,56900,Francuski Ležajevi O,Francuski Ležajevi,O
Luj Lux Francuski Ležaj S,Luj Lux Francuski Ležaj,D,59650,Francuski Ležajevi S,Francuski Ležajevi,S
Luj Lux Francuski Ležaj X,Luj Lux Francuski Ležaj,D,62600,Francuski Ležajevi X,Francuski Ležajevi,X
Luj Lux Premium Francuski Ležaj O,Luj Lux Premium Francuski Ležaj,D,68650,Francuski Ležajevi O,Francuski Ležajevi,O
Luj Lux Premium Francuski Ležaj S,Luj Lux Premium Francuski Ležaj,D,72100,Francuski Ležajevi S,Francuski Ležajevi,S
Luj Lux Premium Francuski Ležaj X,Luj Lux Premium Francuski Ležaj,D,75550,Francuski Ležajevi X,Francuski Ležajevi,X
Nadja Francuski Ležaj O,Nadja Francuski Ležaj,D,73100,Francuski Ležajevi O,Francuski Ležajevi,O
Nadja Francuski Ležaj S,Nadja Francuski Ležaj,D,76750,Francuski Ležajevi S,Francuski Ležajevi,S
Nadja Francuski Ležaj X,Nadja Francuski Ležaj,D,80400,Francuski Ležajevi X,Francuski Ležajevi,X
Nadja Flex Francuski Ležaj O,Nadja Flex Francuski Ležaj,D,65850,Francuski Ležajevi O,Francuski Ležajevi,O
Nadja Flex Francuski Ležaj S,Nadja Flex Francuski Ležaj,D,69150,Francuski Ležajevi S,Francuski Ležajevi,S
Nadja Flex Francuski Ležaj X,Nadja Flex Francuski Ležaj,D,72450,Francuski Ležajevi X,Francuski Ležajevi,X
Nadja Premium Francuski Ležaj O,Nadja Premium Francuski Ležaj,D,84850,Francuski Ležajevi O,Francuski Ležajevi,O
Nadja Premium Francuski Ležaj S,Nadja Premium Francuski Ležaj,D,89200,Francuski Ležajevi S,Francuski Ležajevi,S
Nadja Premium Francuski Ležaj X,Nadja Premium Francuski Ležaj,D,93350,Francuski Ležajevi X,Francuski Ležajevi,X
Nuba Flex Francuski Ležaj O,Nuba Flex Francuski Ležaj,D,53050,Francuski Ležajevi O,Francuski Ležajevi,O
Nuba Flex Francuski Ležaj S,Nuba Flex Francuski Ležaj,D,55650,Francuski Ležajevi S,Francuski Ležajevi,S
Nuba Flex Francuski Ležaj X,Nuba Flex Francuski Ležaj,D,58450,Francuski Ležajevi X,Francuski Ležajevi,X
Nuba Premium Francuski Ležaj O,Nuba Premium Francuski Ležaj,D,72100,Francuski Ležajevi O,Francuski Ležajevi,O
Nuba Premium Francuski Ležaj S,Nuba Premium Francuski Ležaj,D,75700,Francuski Ležajevi S,Francuski Ležajevi,S
Nuba Premium Francuski Ležaj X,Nuba Premium Francuski Ležaj,D,79350,Francuski Ležajevi X,Francuski Ležajevi,X
Torino Francuski Ležaj O,Torino Francuski Ležaj,D,52750,Francuski Ležajevi O,Francuski Ležajevi,O
Torino Francuski Ležaj S,Torino Francuski Ležaj,D,55300,Francuski Ležajevi S,Francuski Ležajevi,S
Torino Francuski Ležaj X,Torino Francuski Ležaj,D,58100,Francuski Ležajevi X,Francuski Ležajevi,X
Twins Francuski Ležaj O,Twins Francuski Ležaj,D,75200,Francuski Ležajevi O,Francuski Ležajevi,O
Twins Francuski Ležaj S,Twins Francuski Ležaj,D,79000,Francuski Ležajevi S,Francuski Ležajevi,S
Twins Francuski Ležaj X,Twins Francuski Ležaj,D,82800,Francuski Ležajevi X,Francuski Ležajevi,X
Alvaro Tabure O,Alvaro Tabure,D,11450,Taburei O,Taburei,O
Alvaro Tabure S,Alvaro Tabure,D,11950,Taburei S,Taburei,S
Alvaro Tabure X,Alvaro Tabure,D,12650,Taburei X,Taburei,X
Grosso Tabure O,Grosso Tabure,D,22500,Taburei O,Taburei,O
Grosso Tabure S,Grosso Tabure,D,23700,Taburei S,Taburei,S
Grosso Tabure X,Grosso Tabure,D,24750,Taburei X,Taburei,X
Orlando Tabure O,Orlando Tabure,D,15400,Taburei O,Taburei,O
Orlando Tabure S,Orlando Tabure,D,16100,Taburei S,Taburei,S
Orlando Tabure X,Orlando Tabure,D,16950,Taburei X,Taburei,X
Doris Tabure O,Doris Tabure,D,21100,Taburei O,Taburei,O
Doris Tabure S,Doris Tabure,D,22150,Taburei S,Taburei,S
Doris Tabure X,Doris Tabure,D,23200,Taburei X,Taburei,X
Lola Tabure O,Lola Tabure,D,15250,Taburei O,Taburei,O
Lola Tabure S,Lola Tabure,D,15900,Taburei S,Taburei,S
Lola Tabure X,Lola Tabure,D,16800,Taburei X,Taburei,X
Qubo Tabure O,Qubo Tabure,D,22500,Taburei O,Taburei,O
Qubo Tabure S,Qubo Tabure,D,23700,Taburei S,Taburei,S
Qubo Tabure X,Qubo Tabure,D,24750,Taburei X,Taburei,X
Vitoria Tabure O,Vitoria Tabure,D,26650,Taburei O,Taburei,O
Vitoria Tabure S,Vitoria Tabure,D,28000,Taburei S,Taburei,S
Vitoria Tabure X,Vitoria Tabure,D,29250,Taburei X,Taburei,X
Dek Tabure O,Dek Tabure,D,6050,Taburei O,Taburei,O
Dek Tabure S,Dek Tabure,D,6400,Taburei S,Taburei,S
Dek Tabure X,Dek Tabure,D,6750,Taburei X,Taburei,X
Nadja Tabure O,Nadja Tabure,D,21950,Taburei O,Taburei,O
Nadja Tabure S,Nadja Tabure,D,23000,Taburei S,Taburei,S
Nadja Tabure X,Nadja Tabure,D,24200,Taburei X,Taburei,X
Nadja Max Tabure O,Nadja Max Tabure,D,26300,Taburei O,Taburei,O
Nadja Max Tabure S,Nadja Max Tabure,D,27650,Taburei S,Taburei,S
Nadja Max Tabure X,Nadja Max Tabure,D,28900,Taburei X,Taburei,X
,,,, ,,
,,,,,,
,,,,,,
,,,,,, 
,,,,,, 
,,,,,, 
,,,,,, 
,,,,,, 
,,,,,, 
,,,,,, 
,,,,,, 
,,,,,, 
,,,,,, 
,,,,,, 
,,,,,, 